Matlab Timestamp,Data 1,Data 2
63421.72435,515,736
63421.72435,516,836
63421.72435,515,832
63421.72435,515,832
63421.72435,514,836
63421.72435,514,832
63421.72435,514,832
63421.72435,514,836
63421.72435,513,832
63421.72435,513,836
63421.72435,513,832
63421.72435,513,832
63421.72435,513,836
63421.72435,512,832
63421.77579,512,832
63421.77579,512,836
63421.77579,513,832
63421.77579,514,832
63421.77579,514,836
63421.77579,514,832
63421.77579,514,832
63421.77579,515,836
63421.77579,515,832
63421.77579,515,832
63421.77579,514,836
63421.77579,513,832
63421.77579,511,832
63421.77579,509,836
63421.77579,508,832
63421.77579,508,832
63421.78108,508,836
63421.78108,509,832
63421.78108,512,832
63421.78108,512,836
63421.78108,511,832
63421.78108,511,832
63421.78108,511,836
63421.78108,511,832
63421.78108,512,832
63421.78108,511,836
63421.78108,511,832
63421.78108,511,836
63421.78108,510,832
63421.78108,509,832
63421.78108,509,836
63421.78108,509,832
63421.78273,508,832
63421.78273,507,836
63421.78273,506,832
63421.78273,506,832
63421.78273,504,836
63421.78273,505,832
63421.78273,505,832
63421.78273,506,836
63421.78273,507,832
63421.78273,508,832
63421.78273,509,836
63421.78273,510,832
63421.78273,510,832
63421.78273,511,836
63421.78273,512,832
63421.78273,512,832
63421.78387,512,836
63421.78387,512,832
63421.78387,512,832
63421.78387,513,836
63421.78387,513,832
63421.78387,514,832
63421.78387,514,836
63421.78387,514,832
63421.78387,514,832
63421.78387,513,836
63421.78387,513,832
63421.78387,512,836
63421.78387,512,832
63421.78387,512,832
63421.78387,511,836
63421.78387,511,832
63421.78614,510,832
63421.78614,511,836
63421.78614,511,832
63421.78614,512,832
63421.78614,513,836
63421.78614,513,832
63421.78614,512,832
63421.78614,512,836
63421.78614,512,832
63421.78614,512,832
63421.78614,512,836
63421.78614,511,832
63421.78614,511,832
63421.78614,511,836
63421.78614,510,832
63421.78614,508,832
63421.80406,507,836
63421.80406,506,832
63421.80406,507,832
63421.80406,508,836
63421.80406,510,832
63421.80406,512,832
63421.80406,513,836
63421.80406,514,832
63421.80406,514,836
63421.80406,516,832
63421.80406,516,832
63421.80406,516,836
63421.80406,515,832
63421.80406,515,832
63421.80406,515,836
63421.80406,516,832
63421.81329,516,832
63421.81329,516,836
63421.81329,517,832
63421.81329,518,832
63421.81329,517,836
63421.81329,517,832
63421.81329,517,832
63421.81329,515,836
63421.81329,514,832
63421.81329,515,832
63421.81329,515,836
63421.81329,514,832
63421.81329,514,832
63421.81329,514,836
63421.81329,514,832
63421.81329,515,832
63421.82639,515,836
63421.82639,516,832
63421.82639,515,832
63421.82639,516,836
63421.82639,516,832
63421.82639,516,832
63421.82639,516,836
63421.82639,515,832
63421.82639,515,832
63421.82639,515,836
63421.82639,515,832
63421.82639,517,836
63421.82639,518,832
63421.82639,518,832
63421.82639,518,836
63421.82639,518,832
63421.83878,517,832
63421.83878,518,836
63421.83878,517,832
63421.83878,517,832
63421.83878,516,836
63421.83878,515,832
63421.83878,516,832
63421.83878,516,836
63421.83878,517,832
63421.83878,516,832
63421.83878,516,836
63421.83878,516,832
63421.83878,517,832
63421.83878,517,836
63421.83878,518,832
63421.83878,519,832
63421.85527,520,836
63421.85527,521,832
63421.85527,521,832
63421.85527,521,836
63421.85527,522,832
63421.85527,521,832
63421.85527,520,836
63421.85527,519,832
63421.85527,518,836
63421.85527,518,832
63421.85527,518,832
63421.85527,519,836
63421.85527,518,832
63421.85527,518,832
63421.85527,516,836
63421.85527,516,832
63421.8689,515,832
63421.8689,516,836
63421.8689,515,832
63421.8689,514,832
63421.8689,513,836
63421.8689,513,832
63421.8689,512,832
63421.8689,510,836
63421.8689,510,832
63421.8689,510,832
63421.8689,511,836
63421.8689,511,832
63421.8689,511,832
63421.8689,511,836
63421.8689,510,832
63421.8689,511,832
63421.87923,511,836
63421.87923,511,832
63421.87923,512,832
63421.87923,511,836
63421.87923,513,832
63421.87923,514,832
63421.87923,516,836
63421.87923,517,832
63421.87923,518,832
63421.87923,520,836
63421.87923,521,832
63421.87923,522,836
63421.87923,522,832
63421.87923,522,832
63421.87923,523,836
63421.87923,523,832
63421.89194,523,832
63421.89194,524,836
63421.89194,525,832
63421.89194,525,832
63421.89194,524,836
63421.89194,522,832
63421.89194,521,832
63421.89194,521,836
63421.89194,520,832
63421.89194,521,832
63421.89194,521,836
63421.89194,522,832
63421.89194,523,832
63421.89194,524,836
63421.89194,523,832
63421.89194,522,832
63421.90869,522,836
63421.90869,521,832
63421.90869,520,832
63421.90869,519,836
63421.90869,518,832
63421.90869,517,832
63421.90869,517,836
63421.90869,516,832
63421.90869,515,836
63421.90869,515,832
63421.90869,514,832
63421.90869,514,836
63421.90869,515,832
63421.90869,516,832
63421.90869,518,836
63421.90869,518,832
63421.92064,518,832
63421.92064,517,836
63421.92064,517,832
63421.92064,516,832
63421.92064,515,836
63421.92064,515,832
63421.92064,514,832
63421.92064,514,836
63421.92064,513,832
63421.92064,514,832
63421.92064,514,836
63421.92064,514,832
63421.92064,512,832
63421.92064,511,836
63421.92064,510,832
63421.92064,510,832
63421.93311,510,836
63421.93311,511,832
63421.93311,511,832
63421.93311,511,836
63421.93311,512,832
63421.93311,511,832
63421.93311,511,836
63421.93311,511,832
63421.93311,510,832
63421.93311,510,836
63421.93311,510,832
63421.93311,511,836
63421.93311,511,832
63421.93311,512,832
63421.93311,512,836
63421.93311,512,832
63421.94958,513,832
63421.94958,512,836
63421.94958,512,832
63421.94958,512,832
63421.94958,511,836
63421.94958,509,832
63421.94958,509,832
63421.94958,510,836
63421.94958,511,832
63421.94958,512,832
63421.94958,512,836
63421.94958,513,832
63421.94958,514,832
63421.94958,514,836
63421.94958,515,832
63421.94958,516,832
63421.961,516,836
63421.961,516,832
63421.961,516,832
63421.961,516,836
63421.961,515,832
63421.961,514,832
63421.961,514,836
63421.961,514,832
63421.961,513,832
63421.961,513,836
63421.961,513,832
63421.961,515,836
63421.961,517,832
63421.961,518,832
63421.961,519,836
63421.961,521,832
63421.9737,522,832
63421.9737,522,836
63421.9737,522,832
63421.9737,521,832
63421.9737,521,836
63421.9737,518,832
63421.9737,517,832
63421.9737,515,836
63421.9737,514,832
63421.9737,514,832
63421.9737,513,836
63421.9737,513,832
63421.9737,513,832
63421.9737,514,836
63421.9737,515,832
63421.9737,515,832
63421.98646,516,836
63421.98646,516,832
63421.98646,516,832
63421.98646,516,836
63421.98646,517,832
63421.98646,516,832
63421.98646,516,836
63421.98646,515,832
63421.98646,514,832
63421.98646,513,836
63421.98646,512,832
63421.98646,510,836
63421.98646,508,832
63421.98646,506,832
63421.98646,506,836
63421.98646,505,832
63422.00286,505,832
63422.00286,505,836
63422.00286,507,832
63422.00286,509,832
63422.00286,510,836
63422.00286,511,832
63422.00286,513,832
63422.00286,516,836
63422.00286,516,832
63422.00286,517,832
63422.00286,518,836
63422.00286,518,832
63422.00286,518,832
63422.00286,519,836
63422.00286,519,832
63422.00286,518,832
63422.01429,518,836
63422.01429,519,832
63422.01429,518,832
63422.01429,519,836
63422.01429,519,832
63422.01429,519,832
63422.01429,519,836
63422.01429,519,832
63422.01429,520,832
63422.01429,519,836
63422.01429,520,832
63422.01429,520,836
63422.01429,520,832
63422.01429,520,832
63422.01429,520,836
63422.01429,520,832
63422.02696,519,832
63422.02696,519,836
63422.02696,517,832
63422.02696,516,832
63422.02696,516,836
63422.02696,515,832
63422.02696,514,832
63422.02696,514,836
63422.02696,515,832
63422.02696,516,832
63422.02696,517,836
63422.02696,517,832
63422.02696,518,832
63422.02696,518,836
63422.02696,517,844
63422.02696,517,820
63422.0433,516,836
63422.0433,515,832
63422.0433,514,832
63422.0433,514,836
63422.0433,514,832
63422.0433,514,832
63422.0433,514,836
63422.0433,514,832
63422.0433,514,832
63422.0433,512,836
63422.0433,511,832
63422.0433,511,836
63422.0433,512,832
63422.0433,513,832
63422.0433,513,836
63422.0433,514,832
63422.05599,514,832
63422.05599,513,836
63422.05599,513,832
63422.05599,513,832
63422.05599,513,836
63422.05599,513,832
63422.05599,512,832
63422.05599,513,836
63422.05599,513,832
63422.05599,514,832
63422.05599,513,836
63422.05599,512,832
63422.05599,512,832
63422.05599,513,836
63422.05599,512,832
63422.05599,512,832
63422.06718,512,836
63422.06718,512,832
63422.06718,512,832
63422.06718,512,836
63422.06718,512,832
63422.06718,513,832
63422.06718,514,836
63422.06718,515,832
63422.06718,517,832
63422.06718,518,836
63422.06718,519,832
63422.06718,520,836
63422.06718,520,832
63422.06718,521,832
63422.06718,521,836
63422.06718,520,832
63422.07981,518,832
63422.07981,516,836
63422.07981,516,832
63422.07981,517,832
63422.07981,518,836
63422.07981,518,832
63422.07981,518,832
63422.07981,518,836
63422.07981,518,832
63422.07981,519,832
63422.07981,517,836
63422.07981,517,832
63422.07981,516,832
63422.07981,515,836
63422.07981,515,832
63422.07981,514,832
63422.09627,513,836
63422.09627,512,832
63422.09627,512,832
63422.09627,512,836
63422.09627,511,832
63422.09627,511,832
63422.09627,511,836
63422.09627,511,832
63422.09627,510,836
63422.09627,510,832
63422.09627,510,832
63422.09627,511,836
63422.09627,512,832
63422.09627,513,832
63422.09627,513,836
63422.09627,512,832
63422.10889,513,832
63422.10889,514,836
63422.10889,513,832
63422.10889,514,832
63422.10889,514,836
63422.10889,514,832
63422.10889,513,832
63422.10889,513,836
63422.10889,514,832
63422.10889,515,832
63422.10889,516,836
63422.10889,516,832
63422.10889,517,832
63422.10889,517,836
63422.10889,517,832
63422.10889,518,832
63422.12162,519,836
63422.12162,520,832
63422.12162,522,832
63422.12162,524,836
63422.12162,525,832
63422.12162,526,832
63422.12162,526,836
63422.12162,526,832
63422.12162,525,832
63422.12162,524,836
63422.12162,524,832
63422.12162,522,836
63422.12162,522,832
63422.12162,522,832
63422.12162,522,836
63422.12162,521,832
63422.13312,522,832
63422.13312,522,836
63422.13312,522,832
63422.13312,522,832
63422.13312,522,836
63422.13312,523,832
63422.13312,522,832
63422.13312,520,836
63422.13312,519,832
63422.13312,519,832
63422.13312,518,836
63422.13312,518,832
63422.13312,519,832
63422.13312,519,836
63422.13312,520,832
63422.13312,520,832
63422.15003,520,836
63422.15003,519,832
63422.15003,519,832
63422.15003,519,836
63422.15003,518,832
63422.15003,517,832
63422.15003,517,836
63422.15003,518,832
63422.15003,519,832
63422.15003,519,836
63422.15003,519,832
63422.15003,519,836
63422.15003,518,832
63422.15003,519,832
63422.15003,519,836
63422.15003,519,832
63422.16211,519,832
63422.16211,519,836
63422.16211,517,832
63422.16211,516,832
63422.16211,514,836
63422.16211,512,832
63422.16211,511,832
63422.16211,510,836
63422.16211,509,832
63422.16211,510,832
63422.16211,512,836
63422.16211,512,832
63422.16211,514,832
63422.16211,515,836
63422.16211,516,832
63422.16211,517,832
63422.1748,517,836
63422.1748,517,832
63422.1748,518,832
63422.1748,519,836
63422.1748,519,832
63422.1748,520,832
63422.1748,518,836
63422.1748,518,832
63422.1748,517,832
63422.1748,517,836
63422.1748,516,832
63422.1748,515,836
63422.1748,515,832
63422.1748,516,832
63422.1748,514,836
63422.1748,515,832
63422.18691,513,832
63422.18691,511,836
63422.18691,509,832
63422.18691,508,832
63422.18691,506,836
63422.18691,505,832
63422.18691,505,832
63422.18691,504,836
63422.18691,505,832
63422.18691,504,832
63422.18691,504,836
63422.18691,504,832
63422.18691,504,832
63422.18691,505,836
63422.18691,505,832
63422.18691,504,832
63422.20245,503,836
63422.20245,504,832
63422.20245,504,832
63422.20245,505,836
63422.20245,504,832
63422.20245,504,832
63422.20245,503,836
63422.20245,503,832
63422.20245,504,832
63422.20245,504,836
63422.20245,504,832
63422.20245,505,836
63422.20245,506,832
63422.20245,507,832
63422.20245,508,836
63422.20245,509,832
63422.21506,511,832
63422.21506,513,836
63422.21506,516,832
63422.21506,518,832
63422.21506,519,836
63422.21506,520,832
63422.21506,522,832
63422.21506,525,836
63422.21506,528,832
63422.21506,531,832
63422.21506,533,836
63422.21506,535,832
63422.21506,536,832
63422.21506,539,836
63422.21506,542,832
63422.21506,543,832
63422.22767,546,836
63422.22767,549,832
63422.22767,551,832
63422.22767,554,836
63422.22767,557,832
63422.22767,560,832
63422.22767,563,836
63422.22767,566,832
63422.22767,569,832
63422.22767,572,836
63422.22767,576,832
63422.22767,581,836
63422.22767,584,832
63422.22767,588,832
63422.22767,590,836
63422.22767,591,832
63422.24032,592,832
63422.24032,591,836
63422.24032,590,832
63422.24032,589,832
63422.24032,587,836
63422.24032,586,832
63422.24032,587,832
63422.24032,589,836
63422.24032,591,832
63422.24032,592,832
63422.24032,593,836
63422.24032,594,832
63422.24032,597,832
63422.24032,600,836
63422.24032,604,832
63422.24032,609,832
63422.25238,614,836
63422.25238,618,832
63422.25238,623,832
63422.25238,629,836
63422.25238,633,832
63422.25238,636,832
63422.25238,639,836
63422.25238,642,832
63422.25238,643,836
63422.25238,645,832
63422.25238,647,832
63422.25238,648,836
63422.25238,649,832
63422.25238,651,832
63422.25238,654,836
63422.25238,655,832
63422.26817,656,832
63422.26817,658,836
63422.26817,660,832
63422.26817,661,832
63422.26817,662,836
63422.26817,664,832
63422.26817,666,832
63422.26817,667,836
63422.26817,668,832
63422.26817,669,832
63422.26817,670,836
63422.26817,670,832
63422.26817,672,832
63422.26817,673,836
63422.26817,675,832
63422.26817,675,832
63422.2808,676,836
63422.2808,677,832
63422.2808,678,832
63422.2808,679,836
63422.2808,681,832
63422.2808,683,832
63422.2808,685,836
63422.2808,688,832
63422.2808,690,832
63422.2808,693,836
63422.2808,694,832
63422.2808,696,836
63422.2808,696,832
63422.2808,697,832
63422.2808,698,836
63422.2808,699,832
63422.29346,699,832
63422.29346,698,836
63422.29346,699,832
63422.29346,700,832
63422.29346,700,836
63422.29346,700,832
63422.29346,699,832
63422.29346,698,836
63422.29346,698,832
63422.29346,697,832
63422.29346,697,836
63422.29346,699,832
63422.29346,700,832
63422.29346,701,836
63422.29346,703,832
63422.29346,705,832
63422.3062,707,836
63422.3062,709,832
63422.3062,710,832
63422.3062,710,836
63422.3062,710,832
63422.3062,711,832
63422.3062,712,836
63422.3062,713,832
63422.3062,713,836
63422.3062,712,832
63422.3062,712,832
63422.3062,712,836
63422.3062,713,832
63422.3062,712,832
63422.3062,712,836
63422.3062,711,832
63422.32139,711,832
63422.32139,710,836
63422.32139,709,832
63422.32139,709,832
63422.32139,709,836
63422.32139,709,832
63422.32139,709,832
63422.32139,708,836
63422.32139,708,832
63422.32139,710,832
63422.32139,713,836
63422.32139,715,832
63422.32139,718,832
63422.32139,721,836
63422.32139,723,832
63422.32139,725,832
63422.33394,727,836
63422.33394,728,832
63422.33394,728,832
63422.33394,729,836
63422.33394,728,832
63422.33394,728,832
63422.33394,729,836
63422.33394,728,832
63422.33394,726,832
63422.33394,726,836
63422.33394,726,832
63422.33394,725,836
63422.33394,725,832
63422.33394,724,832
63422.33394,724,836
63422.33394,725,832
63422.34654,725,832
63422.34654,724,836
63422.34654,724,832
63422.34654,722,832
63422.34654,719,836
63422.34654,715,832
63422.34654,712,832
63422.34654,711,836
63422.34654,712,832
63422.34654,712,832
63422.34654,712,836
63422.34654,713,832
63422.34654,714,832
63422.34654,715,836
63422.34654,717,832
63422.34654,719,832
63422.35933,721,836
63422.35933,721,832
63422.35933,723,832
63422.35933,723,836
63422.35933,722,832
63422.35933,722,832
63422.35933,722,836
63422.35933,723,832
63422.35933,724,832
63422.35933,725,836
63422.35933,726,832
63422.35933,726,836
63422.35933,726,832
63422.35933,724,832
63422.35933,723,836
63422.35933,722,832
63422.37451,721,832
63422.37451,720,836
63422.37451,720,832
63422.37451,721,832
63422.37451,720,836
63422.37451,719,832
63422.37451,716,832
63422.37451,714,836
63422.37451,712,832
63422.37451,711,832
63422.37451,709,836
63422.37451,708,832
63422.37451,707,832
63422.37451,707,836
63422.37451,708,832
63422.37451,706,832
63422.38708,706,836
63422.38708,705,844
63422.38708,703,820
63422.38708,701,836
63422.38708,701,832
63422.38708,700,832
63422.38708,701,836
63422.38708,701,832
63422.38708,701,832
63422.38708,700,836
63422.38708,700,832
63422.38708,700,836
63422.38708,700,832
63422.38708,700,832
63422.38708,701,836
63422.38708,700,832
63422.40115,699,832
63422.40115,699,836
63422.40115,699,832
63422.40115,701,832
63422.40115,702,836
63422.40115,705,832
63422.40115,706,832
63422.40115,708,836
63422.40115,709,832
63422.40115,709,832
63422.40115,709,836
63422.40115,708,832
63422.40115,707,832
63422.40115,705,836
63422.40115,703,832
63422.40115,701,832
63422.41626,699,836
63422.41626,695,832
63422.41626,693,832
63422.41626,690,836
63422.41626,688,832
63422.41626,686,832
63422.41626,685,836
63422.41626,684,832
63422.41626,683,832
63422.41626,682,836
63422.41626,682,832
63422.41626,682,836
63422.41626,683,832
63422.41626,683,832
63422.41626,683,836
63422.41626,683,832
63422.42871,682,832
63422.42871,681,836
63422.42871,680,832
63422.42871,677,832
63422.42871,674,836
63422.42871,672,832
63422.42871,673,832
63422.42871,672,836
63422.42871,671,832
63422.42871,671,832
63422.42871,671,836
63422.42871,673,832
63422.42871,674,832
63422.42871,675,836
63422.42871,675,832
63422.42871,675,832
63422.44127,673,836
63422.44127,671,832
63422.44127,669,832
63422.44127,668,836
63422.44127,667,832
63422.44127,664,832
63422.44127,662,836
63422.44127,661,832
63422.44127,658,832
63422.44127,657,836
63422.44127,656,832
63422.44127,656,836
63422.44127,656,832
63422.44127,657,832
63422.44127,657,836
63422.44127,659,832
63422.45271,661,832
63422.45271,664,836
63422.45271,666,832
63422.45271,665,832
63422.45271,665,836
63422.45271,663,832
63422.45271,662,832
63422.45271,661,836
63422.45271,661,832
63422.45271,661,832
63422.45271,661,836
63422.45271,660,832
63422.45271,659,832
63422.45271,658,836
63422.45271,658,832
63422.45271,658,832
63422.46922,658,836
63422.46922,658,832
63422.46922,658,832
63422.46922,659,836
63422.46922,660,832
63422.46922,660,832
63422.46922,659,836
63422.46922,658,832
63422.46922,657,836
63422.46922,656,832
63422.46922,655,832
63422.46922,655,836
63422.46922,656,832
63422.46922,656,832
63422.46922,655,836
63422.46922,654,832
63422.48196,651,832
63422.48196,649,836
63422.48196,649,832
63422.48196,649,832
63422.48196,649,836
63422.48196,650,832
63422.48196,651,832
63422.48196,652,836
63422.48196,651,832
63422.48196,652,832
63422.48196,653,836
63422.48196,652,832
63422.48196,651,832
63422.48196,650,836
63422.48196,649,832
63422.48196,648,832
63422.49348,648,836
63422.49348,647,832
63422.49348,645,832
63422.49348,643,836
63422.49348,642,832
63422.49348,640,832
63422.49348,639,836
63422.49348,638,832
63422.49348,638,832
63422.49348,639,836
63422.49348,638,832
63422.49348,638,836
63422.49348,640,832
63422.49348,640,832
63422.49348,640,836
63422.49348,640,832
63422.50997,640,832
63422.50997,641,836
63422.50997,642,832
63422.50997,643,832
63422.50997,643,836
63422.50997,642,832
63422.50997,641,832
63422.50997,640,836
63422.50997,639,832
63422.50997,638,832
63422.50997,636,836
63422.50997,636,832
63422.50997,635,832
63422.50997,634,836
63422.50997,633,832
63422.50997,633,832
63422.52273,633,836
63422.52273,634,832
63422.52273,635,832
63422.52273,636,836
63422.52273,636,832
63422.52273,636,832
63422.52273,636,836
63422.52273,635,832
63422.52273,634,836
63422.52273,634,832
63422.52273,633,832
63422.52273,632,836
63422.52273,632,832
63422.52273,633,832
63422.52273,633,836
63422.52273,633,832
63422.53516,633,832
63422.53516,635,836
63422.53516,635,832
63422.53516,637,832
63422.53516,637,836
63422.53516,637,832
63422.53516,637,832
63422.53516,636,836
63422.53516,635,832
63422.53516,634,832
63422.53516,635,836
63422.53516,634,832
63422.53516,634,832
63422.53516,634,836
63422.53516,635,832
63422.53516,635,832
63422.54664,635,836
63422.54664,633,832
63422.54664,631,832
63422.54664,630,836
63422.54664,628,832
63422.54664,625,832
63422.54664,625,836
63422.54664,625,832
63422.54664,625,832
63422.54664,624,836
63422.54664,623,832
63422.54664,623,836
63422.54664,622,832
63422.54664,622,832
63422.54664,622,836
63422.54664,623,832
63422.56321,623,832
63422.56321,625,836
63422.56321,627,832
63422.56321,629,832
63422.56321,631,836
63422.56321,633,832
63422.56321,634,832
63422.56321,635,836
63422.56321,636,832
63422.56321,636,832
63422.56321,636,836
63422.56321,634,832
63422.56321,632,832
63422.56321,630,836
63422.56321,627,832
63422.56321,622,832
63422.57583,618,836
63422.57583,614,832
63422.57583,611,832
63422.57583,607,836
63422.57583,604,832
63422.57583,600,832
63422.57583,596,836
63422.57583,592,832
63422.57583,587,848
63422.57583,584,820
63422.57583,580,832
63422.57583,577,836
63422.57583,575,832
63422.57583,573,832
63422.57583,570,836
63422.57583,568,832
63422.58852,565,832
63422.58852,562,836
63422.58852,559,832
63422.58852,554,832
63422.58852,548,836
63422.58852,544,832
63422.58852,540,832
63422.58852,536,836
63422.58852,530,832
63422.58852,526,832
63422.58852,522,836
63422.58852,518,832
63422.58852,515,832
63422.58852,511,836
63422.58852,507,832
63422.58852,505,832
63422.60499,501,836
63422.60499,497,832
63422.60499,493,832
63422.60499,489,836
63422.60499,485,832
63422.60499,480,832
63422.60499,475,836
63422.60499,470,832
63422.60499,464,836
63422.60499,459,832
63422.60499,455,832
63422.60499,450,836
63422.60499,447,832
63422.60499,444,832
63422.60499,441,836
63422.60499,438,832
63422.61663,436,832
63422.61663,433,836
63422.61663,431,832
63422.61663,428,832
63422.61663,425,836
63422.61663,422,832
63422.61663,420,832
63422.61663,417,836
63422.61663,415,832
63422.61663,412,832
63422.61663,409,836
63422.61663,408,832
63422.61663,406,832
63422.61663,403,836
63422.61663,400,832
63422.61663,397,832
63422.62926,394,836
63422.62926,392,832
63422.62926,388,832
63422.62926,386,836
63422.62926,384,832
63422.62926,381,832
63422.62926,379,836
63422.62926,377,832
63422.62926,376,832
63422.62926,374,836
63422.62926,372,832
63422.62926,372,836
63422.62926,371,832
63422.62926,369,832
63422.62926,368,836
63422.62926,367,832
63422.6406,365,832
63422.6406,364,836
63422.6406,362,832
63422.6406,361,832
63422.6406,360,836
63422.6406,359,832
63422.6406,358,832
63422.6406,358,836
63422.6406,357,832
63422.6406,356,832
63422.6406,355,836
63422.6406,354,832
63422.6406,353,832
63422.6406,352,836
63422.6406,350,832
63422.6406,348,832
63422.65329,347,836
63422.65329,346,832
63422.65329,345,832
63422.65329,345,836
63422.65329,345,832
63422.65329,345,832
63422.65329,345,836
63422.65329,345,832
63422.65329,345,836
63422.65329,345,832
63422.65329,344,832
63422.65329,343,836
63422.65329,343,832
63422.65329,342,832
63422.65329,343,836
63422.65329,343,832
63422.66984,343,832
63422.66984,343,836
63422.66984,344,832
63422.66984,346,832
63422.66984,348,836
63422.66984,348,832
63422.66984,349,832
63422.66984,349,836
63422.66984,349,832
63422.66984,349,832
63422.66984,349,836
63422.66984,348,832
63422.66984,349,832
63422.66984,350,836
63422.66984,350,832
63422.66984,350,832
63422.68271,350,836
63422.68271,350,832
63422.68271,349,832
63422.68271,350,836
63422.68271,351,832
63422.68271,352,832
63422.68271,354,836
63422.68271,356,832
63422.68271,358,836
63422.68271,360,832
63422.68271,360,832
63422.68271,360,836
63422.68271,361,832
63422.68271,362,832
63422.68271,362,836
63422.68271,362,832
63422.69419,363,832
63422.69419,363,836
63422.69419,363,832
63422.69419,363,832
63422.69419,361,836
63422.69419,361,832
63422.69419,360,832
63422.69419,360,836
63422.69419,359,832
63422.69419,359,832
63422.69419,358,836
63422.69419,357,832
63422.69419,356,832
63422.69419,356,836
63422.69419,356,832
63422.69419,357,832
63422.70671,359,836
63422.70671,361,832
63422.70671,362,832
63422.70671,363,836
63422.70671,365,832
63422.70671,367,832
63422.70671,368,836
63422.70671,369,832
63422.70671,369,836
63422.70671,369,832
63422.70671,369,832
63422.70671,369,836
63422.70671,370,832
63422.70671,370,832
63422.70671,371,836
63422.70671,373,832
63422.72234,374,832
63422.72234,375,836
63422.72234,375,832
63422.72234,375,832
63422.72234,375,836
63422.72234,375,832
63422.72234,375,832
63422.72234,375,836
63422.72234,374,832
63422.72234,373,832
63422.72234,372,836
63422.72234,372,832
63422.72234,372,832
63422.72234,371,836
63422.72234,372,832
63422.72234,372,832
63422.73575,372,836
63422.73575,373,832
63422.73575,374,832
63422.73575,374,836
63422.73575,374,844
63422.73575,374,820
63422.73575,374,836
63422.73575,374,832
63422.73575,374,832
63422.73575,373,836
63422.73575,371,832
63422.73575,370,836
63422.73575,368,832
63422.73575,367,832
63422.73575,366,836
63422.73575,365,832
63422.74714,365,832
63422.74714,366,836
63422.74714,366,832
63422.74714,367,832
63422.74714,367,836
63422.74714,369,832
63422.74714,369,832
63422.74714,370,836
63422.74714,370,832
63422.74714,372,832
63422.74714,373,836
63422.74714,374,832
63422.74714,375,832
63422.74714,375,836
63422.74714,375,832
63422.74714,375,832
63422.75991,375,836
63422.75991,375,832
63422.75991,376,832
63422.75991,377,836
63422.75991,377,832
63422.75991,378,832
63422.75991,378,836
63422.75991,377,832
63422.75991,378,832
63422.75991,379,836
63422.75991,380,832
63422.75991,381,836
63422.75991,382,832
63422.75991,382,832
63422.75991,381,836
63422.75991,380,832
63422.77246,379,832
63422.77246,379,836
63422.77246,380,832
63422.77246,379,832
63422.77246,379,836
63422.77246,379,832
63422.77246,379,832
63422.77246,379,836
63422.77246,379,832
63422.77246,378,832
63422.77246,378,836
63422.77246,378,832
63422.77246,378,832
63422.77246,378,836
63422.77246,379,832
63422.77246,380,832
63422.78894,380,836
63422.78894,381,832
63422.78894,381,832
63422.78894,381,836
63422.78894,381,832
63422.78894,382,832
63422.78894,383,836
63422.78894,384,832
63422.78894,386,832
63422.78894,386,836
63422.78894,387,832
63422.78894,388,836
63422.78894,389,832
63422.78894,390,832
63422.78894,390,836
63422.78894,389,832
63422.80172,389,832
63422.80172,389,836
63422.80172,387,832
63422.80172,387,832
63422.80172,387,836
63422.80172,388,832
63422.80172,388,832
63422.80172,389,836
63422.80172,389,832
63422.80172,390,832
63422.80172,389,836
63422.80172,390,832
63422.80172,390,832
63422.80172,390,836
63422.80172,389,832
63422.80172,389,832
63422.81322,389,836
63422.81322,390,832
63422.81322,389,832
63422.81322,390,836
63422.81322,391,832
63422.81322,391,832
63422.81322,392,836
63422.81322,393,832
63422.81322,393,836
63422.81322,394,832
63422.81322,395,832
63422.81322,397,836
63422.81322,397,832
63422.81322,397,832
63422.81322,397,836
63422.81322,397,832
63422.83307,397,832
63422.83307,397,836
63422.83307,398,832
63422.83307,399,832
63422.83307,399,836
63422.83307,401,832
63422.83307,402,832
63422.83307,402,836
63422.83307,402,832
63422.83307,401,832
63422.83307,400,836
63422.83307,400,832
63422.83307,401,832
63422.83307,401,836
63422.83307,401,832
63422.83307,402,832
63422.84336,402,836
63422.84336,402,832
63422.84336,402,832
63422.84336,403,836
63422.84336,403,832
63422.84336,404,832
63422.84336,406,836
63422.84336,407,832
63422.84336,407,832
63422.84336,407,836
63422.84336,408,832
63422.84336,408,836
63422.84336,409,832
63422.84336,409,832
63422.84336,410,836
63422.84336,410,832
63422.85413,409,832
63422.85413,408,836
63422.85413,408,832
63422.85413,407,832
63422.85413,407,836
63422.85413,408,832
63422.85413,409,832
63422.85413,408,836
63422.85413,409,832
63422.85413,409,832
63422.85413,408,836
63422.85413,408,832
63422.85413,407,832
63422.85413,407,836
63422.85413,407,832
63422.85413,407,832
63422.86687,407,836
63422.86687,407,832
63422.86687,407,832
63422.86687,407,836
63422.86687,408,832
63422.86687,408,832
63422.86687,410,836
63422.86687,411,832
63422.86687,412,836
63422.86687,413,832
63422.86687,412,832
63422.86687,411,836
63422.86687,410,832
63422.86687,408,832
63422.86687,406,836
63422.86687,404,832
63422.88331,402,832
63422.88331,402,836
63422.88331,401,832
63422.88331,402,832
63422.88331,403,836
63422.88331,405,832
63422.88331,407,832
63422.88331,409,836
63422.88331,410,832
63422.88331,411,832
63422.88331,413,836
63422.88331,413,832
63422.88331,413,832
63422.88331,413,836
63422.88331,413,832
63422.88331,414,832
63422.8947,413,836
63422.8947,413,832
63422.8947,413,832
63422.8947,414,836
63422.8947,415,832
63422.8947,416,832
63422.8947,418,836
63422.8947,420,832
63422.8947,421,836
63422.8947,421,832
63422.8947,422,832
63422.8947,423,836
63422.8947,422,832
63422.8947,421,832
63422.8947,421,836
63422.8947,420,832
63422.90737,420,832
63422.90737,417,836
63422.90737,417,832
63422.90737,416,832
63422.90737,417,836
63422.90737,419,832
63422.90737,420,832
63422.90737,422,836
63422.90737,422,832
63422.90737,422,832
63422.90737,422,836
63422.90737,423,832
63422.90737,424,832
63422.90737,425,836
63422.90737,426,832
63422.90737,426,832
63422.92008,427,836
63422.92008,427,832
63422.92008,426,832
63422.92008,427,836
63422.92008,428,832
63422.92008,429,832
63422.92008,429,836
63422.92008,430,832
63422.92008,430,832
63422.92008,429,836
63422.92008,428,832
63422.92008,427,848
63422.92008,425,820
63422.92008,424,832
63422.92008,422,836
63422.92008,421,832
63422.93645,421,832
63422.93645,421,836
63422.93645,421,832
63422.93645,424,832
63422.93645,425,836
63422.93645,427,832
63422.93645,431,832
63422.93645,433,836
63422.93645,433,832
63422.93645,432,832
63422.93645,432,836
63422.93645,431,832
63422.93645,431,832
63422.93645,431,836
63422.93645,430,832
63422.93645,430,832
63422.94901,428,836
63422.94901,426,832
63422.94901,425,832
63422.94901,425,836
63422.94901,428,832
63422.94901,430,832
63422.94901,432,836
63422.94901,434,832
63422.94901,435,832
63422.94901,436,836
63422.94901,437,832
63422.94901,438,836
63422.94901,438,832
63422.94901,438,832
63422.94901,439,836
63422.94901,439,832
63422.96029,439,832
63422.96029,440,836
63422.96029,440,832
63422.96029,440,832
63422.96029,442,836
63422.96029,442,832
63422.96029,442,832
63422.96029,441,836
63422.96029,441,832
63422.96029,440,832
63422.96029,439,836
63422.96029,439,832
63422.96029,439,832
63422.96029,440,836
63422.96029,440,832
63422.96029,440,832
63422.97698,440,836
63422.97698,441,832
63422.97698,441,832
63422.97698,443,836
63422.97698,444,832
63422.97698,444,832
63422.97698,443,836
63422.97698,442,832
63422.97698,441,836
63422.97698,439,832
63422.97698,439,832
63422.97698,441,836
63422.97698,442,832
63422.97698,445,832
63422.97698,446,836
63422.97698,447,832
63422.98967,448,832
63422.98967,449,836
63422.98967,449,832
63422.98967,449,832
63422.98967,447,836
63422.98967,446,832
63422.98967,445,832
63422.98967,444,836
63422.98967,442,832
63422.98967,440,832
63422.98967,438,836
63422.98967,436,832
63422.98967,436,832
63422.98967,435,836
63422.98967,435,832
63422.98967,434,832
63423.00114,433,836
63423.00114,434,832
63423.00114,435,832
63423.00114,436,836
63423.00114,437,832
63423.00114,439,832
63423.00114,439,836
63423.00114,441,832
63423.00114,442,832
63423.00114,444,836
63423.00114,447,832
63423.00114,449,836
63423.00114,450,832
63423.00114,451,832
63423.00114,451,836
63423.00114,451,832
63423.0137,451,832
63423.0137,451,836
63423.0137,452,832
63423.0137,452,832
63423.0137,452,836
63423.0137,451,832
63423.0137,452,832
63423.0137,454,836
63423.0137,455,832
63423.0137,456,832
63423.0137,457,836
63423.0137,457,832
63423.0137,457,832
63423.0137,457,836
63423.0137,457,832
63423.0137,457,832
63423.03034,458,836
63423.03034,457,832
63423.03034,457,832
63423.03034,457,836
63423.03034,456,832
63423.03034,456,832
63423.03034,457,836
63423.03034,457,832
63423.03034,458,836
63423.03034,458,832
63423.03034,457,832
63423.03034,458,836
63423.03034,458,832
63423.03034,459,832
63423.03034,459,836
63423.03034,459,832
63423.04452,459,832
63423.04452,458,836
63423.04452,458,832
63423.04452,458,832
63423.04452,458,836
63423.04452,458,832
63423.04452,459,832
63423.04452,460,836
63423.04452,461,832
63423.04452,462,832
63423.04452,461,836
63423.04452,461,832
63423.04452,462,832
63423.04452,462,836
63423.04452,461,832
63423.04452,461,832
63423.05533,461,836
63423.05533,460,832
63423.05533,461,832
63423.05533,460,836
63423.05533,460,832
63423.05533,460,832
63423.05533,460,836
63423.05533,462,832
63423.05533,462,832
63423.05533,462,836
63423.05533,462,832
63423.05533,461,836
63423.05533,459,832
63423.05533,458,832
63423.05533,458,836
63423.05533,458,832
63423.07187,459,832
63423.07187,459,836
63423.07187,460,832
63423.07187,460,832
63423.07187,461,836
63423.07187,463,832
63423.07187,464,832
63423.07187,465,836
63423.07187,467,832
63423.07187,467,832
63423.07187,467,836
63423.07187,468,832
63423.07187,467,832
63423.07187,467,836
63423.07187,467,832
63423.07187,467,832
63423.08326,466,836
63423.08326,466,832
63423.08326,466,832
63423.08326,466,836
63423.08326,466,832
63423.08326,468,832
63423.08326,469,836
63423.08326,470,836
63423.08326,472,832
63423.08326,474,832
63423.08326,474,832
63423.08326,474,836
63423.08326,474,832
63423.08326,473,832
63423.08326,472,836
63423.08326,471,832
63423.09601,471,832
63423.09601,471,836
63423.09601,470,832
63423.09601,469,832
63423.09601,469,836
63423.09601,470,832
63423.09601,471,832
63423.09601,470,836
63423.09601,471,832
63423.09601,471,832
63423.09601,473,836
63423.09601,474,832
63423.09601,474,832
63423.09601,475,836
63423.09601,475,832
63423.09601,475,832
63423.10873,476,836
63423.10873,476,832
63423.10873,476,832
63423.10873,476,836
63423.10873,476,832
63423.10873,477,832
63423.10873,477,836
63423.10873,475,832
63423.10873,474,832
63423.10873,474,836
63423.10873,475,832
63423.10873,475,836
63423.10873,475,832
63423.10873,476,832
63423.10873,477,836
63423.10873,478,832
63423.12525,478,832
63423.12525,478,836
63423.12525,478,832
63423.12525,477,832
63423.12525,479,836
63423.12525,480,832
63423.12525,480,832
63423.12525,480,836
63423.12525,479,832
63423.12525,479,832
63423.12525,477,836
63423.12525,475,832
63423.12525,473,832
63423.12525,470,836
63423.12525,469,832
63423.12525,467,832
63423.13685,467,836
63423.13685,465,832
63423.13685,464,832
63423.13685,464,836
63423.13685,464,832
63423.13685,464,832
63423.13685,463,836
63423.13685,463,832
63423.13685,460,836
63423.13685,458,832
63423.13685,455,832
63423.13685,453,836
63423.13685,450,832
63423.13685,447,832
63423.13685,445,836
63423.13685,442,832
63423.14975,440,832
63423.14975,440,836
63423.14975,439,832
63423.14975,437,832
63423.14975,435,836
63423.14975,435,832
63423.14975,433,832
63423.14975,432,836
63423.14975,430,832
63423.14975,427,832
63423.14975,427,836
63423.14975,424,832
63423.14975,421,832
63423.14975,418,836
63423.14975,416,832
63423.14975,412,832
63423.16094,410,836
63423.16094,408,832
63423.16094,406,832
63423.16094,403,836
63423.16094,401,832
63423.16094,398,832
63423.16094,396,836
63423.16094,395,832
63423.16094,394,832
63423.16094,393,836
63423.16094,393,832
63423.16094,391,836
63423.16094,390,832
63423.16094,386,832
63423.16094,384,836
63423.16094,382,832
63423.17361,380,832
63423.17361,377,836
63423.17361,375,832
63423.17361,373,832
63423.17361,370,836
63423.17361,368,832
63423.17361,366,832
63423.17361,363,836
63423.17361,362,832
63423.17361,359,832
63423.17361,358,836
63423.17361,356,832
63423.17361,354,832
63423.17361,353,836
63423.17361,350,832
63423.17361,349,832
63423.18986,347,836
63423.18986,346,832
63423.18986,345,832
63423.18986,344,836
63423.18986,343,832
63423.18986,342,832
63423.18986,340,836
63423.18986,337,832
63423.18986,336,836
63423.18986,335,832
63423.18986,334,832
63423.18986,332,836
63423.18986,330,832
63423.18986,328,832
63423.18986,325,836
63423.18986,322,832
63423.20239,321,832
63423.20239,320,836
63423.20239,319,832
63423.20239,317,832
63423.20239,315,836
63423.20239,314,832
63423.20239,312,832
63423.20239,311,836
63423.20239,310,832
63423.20239,310,832
63423.20239,309,836
63423.20239,309,832
63423.20239,306,832
63423.20239,305,836
63423.20239,302,832
63423.20239,299,832
63423.21509,297,836
63423.21509,296,832
63423.21509,295,832
63423.21509,295,836
63423.21509,295,832
63423.21509,293,832
63423.21509,292,836
63423.21509,291,832
63423.21509,290,832
63423.21509,289,836
63423.21509,287,832
63423.21509,284,836
63423.21509,282,832
63423.21509,280,832
63423.21509,279,836
63423.21509,278,832
63423.22644,278,832
63423.22644,276,836
63423.22644,274,832
63423.22644,273,832
63423.22644,271,836
63423.22644,270,832
63423.22644,269,832
63423.22644,268,836
63423.22644,267,832
63423.22644,266,832
63423.22644,265,836
63423.22644,263,832
63423.22644,262,832
63423.22644,262,836
63423.22644,262,832
63423.22644,261,832
63423.23895,260,836
63423.23895,259,832
63423.23895,258,832
63423.23895,256,836
63423.23895,255,832
63423.23895,254,832
63423.23895,252,836
63423.23895,251,832
63423.23895,249,836
63423.23895,246,832
63423.23895,244,832
63423.23895,243,836
63423.23895,243,832
63423.23895,244,832
63423.23895,244,836
63423.23895,245,832
63423.25524,245,832
63423.25524,244,836
63423.25524,242,832
63423.25524,242,832
63423.25524,241,836
63423.25524,240,832
63423.25524,240,832
63423.25524,238,836
63423.25524,237,832
63423.25524,236,832
63423.25524,236,836
63423.25524,236,832
63423.25524,237,832
63423.25524,237,836
63423.25524,236,832
63423.25524,236,832
63423.26812,236,836
63423.26812,235,832
63423.26812,233,832
63423.26812,233,836
63423.26812,232,832
63423.26812,231,832
63423.26812,230,836
63423.26812,228,832
63423.26812,228,832
63423.26812,228,836
63423.26812,229,832
63423.26812,230,836
63423.26812,231,832
63423.26812,232,832
63423.26812,233,848
63423.26812,233,820
63423.28065,233,832
63423.28065,233,836
63423.28065,233,832
63423.28065,232,832
63423.28065,230,836
63423.28065,229,832
63423.28065,229,832
63423.28065,230,836
63423.28065,231,832
63423.28065,231,832
63423.28065,231,836
63423.28065,231,832
63423.28065,230,832
63423.28065,230,836
63423.28065,230,832
63423.28065,229,832
63423.29209,230,836
63423.29209,230,832
63423.29209,228,832
63423.29209,225,836
63423.29209,224,832
63423.29209,224,832
63423.29209,225,836
63423.29209,226,832
63423.29209,227,832
63423.29209,228,836
63423.29209,228,832
63423.29209,228,836
63423.29209,228,832
63423.29209,229,832
63423.29209,230,836
63423.29209,230,832
63423.30859,230,832
63423.30859,229,836
63423.30859,228,832
63423.30859,225,832
63423.30859,225,836
63423.30859,224,832
63423.30859,225,832
63423.30859,225,836
63423.30859,225,832
63423.30859,226,832
63423.30859,227,836
63423.30859,227,832
63423.30859,226,832
63423.30859,227,836
63423.30859,227,832
63423.30859,227,832
63423.3213,227,836
63423.3213,227,832
63423.3213,226,832
63423.3213,227,836
63423.3213,227,832
63423.3213,227,832
63423.3213,227,836
63423.3213,226,832
63423.3213,226,836
63423.3213,227,832
63423.3213,229,832
63423.3213,229,836
63423.3213,230,832
63423.3213,229,832
63423.3213,228,836
63423.3213,227,832
63423.33401,228,832
63423.33401,231,836
63423.33401,232,832
63423.33401,234,832
63423.33401,235,836
63423.33401,235,832
63423.33401,235,832
63423.33401,235,836
63423.33401,235,832
63423.33401,234,832
63423.33401,234,836
63423.33401,234,832
63423.33401,234,832
63423.33401,234,836
63423.33401,233,832
63423.33401,231,832
63423.3492,232,836
63423.3492,234,832
63423.3492,235,832
63423.3492,235,836
63423.3492,237,832
63423.3492,237,832
63423.3492,237,836
63423.3492,239,832
63423.3492,240,832
63423.3492,240,836
63423.3492,242,832
63423.3492,243,836
63423.3492,242,832
63423.3492,242,832
63423.3492,242,836
63423.3492,243,832
63423.36192,243,832
63423.36192,245,836
63423.36192,247,832
63423.36192,249,832
63423.36192,251,836
63423.36192,251,832
63423.36192,253,832
63423.36192,253,836
63423.36192,254,832
63423.36192,254,832
63423.36192,256,836
63423.36192,257,832
63423.36192,258,832
63423.36192,259,836
63423.36192,260,832
63423.36192,260,832
63423.375,261,836
63423.375,262,832
63423.375,262,832
63423.375,263,836
63423.375,264,832
63423.375,264,832
63423.375,265,836
63423.375,264,832
63423.375,264,836
63423.375,266,832
63423.375,267,832
63423.375,268,836
63423.375,268,832
63423.375,268,832
63423.375,268,836
63423.375,269,832
63423.387,269,832
63423.387,270,836
63423.387,270,832
63423.387,271,832
63423.387,271,836
63423.387,270,832
63423.387,270,832
63423.387,272,836
63423.387,272,832
63423.387,272,832
63423.387,272,836
63423.387,273,832
63423.387,273,832
63423.387,274,836
63423.387,272,832
63423.387,273,832
63423.40358,273,836
63423.40358,273,832
63423.40358,275,832
63423.40358,276,836
63423.40358,277,832
63423.40358,278,832
63423.40358,279,836
63423.40358,281,832
63423.40358,281,832
63423.40358,282,836
63423.40358,283,832
63423.40358,284,836
63423.40358,285,832
63423.40358,286,832
63423.40358,287,836
63423.40358,288,832
63423.41502,289,832
63423.41502,289,836
63423.41502,290,832
63423.41502,290,832
63423.41502,292,836
63423.41502,295,832
63423.41502,297,832
63423.41502,298,836
63423.41502,299,832
63423.41502,298,832
63423.41502,299,836
63423.41502,300,832
63423.41502,300,832
63423.41502,300,836
63423.41502,301,832
63423.41502,302,832
63423.42774,302,836
63423.42774,303,832
63423.42774,304,832
63423.42774,305,836
63423.42774,306,832
63423.42774,307,832
63423.42774,310,836
63423.42774,311,832
63423.42774,312,836
63423.42774,312,832
63423.42774,313,836
63423.42774,314,832
63423.42774,315,832
63423.42774,316,832
63423.42774,317,836
63423.42774,317,832
63423.44425,317,832
63423.44425,317,836
63423.44425,317,832
63423.44425,317,832
63423.44425,318,836
63423.44425,319,832
63423.44425,320,832
63423.44425,320,836
63423.44425,321,832
63423.44425,320,832
63423.44425,320,836
63423.44425,320,832
63423.44425,320,832
63423.44425,322,836
63423.44425,323,832
63423.44425,324,832
63423.4569,325,836
63423.4569,326,832
63423.4569,326,832
63423.4569,328,836
63423.4569,329,832
63423.4569,329,832
63423.4569,330,836
63423.4569,330,832
63423.4569,330,832
63423.4569,330,836
63423.4569,329,832
63423.4569,330,836
63423.4569,330,832
63423.4569,331,832
63423.4569,331,836
63423.4569,331,832
63423.46935,332,832
63423.46935,334,836
63423.46935,334,832
63423.46935,336,832
63423.46935,337,836
63423.46935,338,832
63423.46935,339,832
63423.46935,340,836
63423.46935,341,832
63423.46935,340,832
63423.46935,340,836
63423.46935,339,832
63423.46935,338,832
63423.46935,340,836
63423.46935,340,832
63423.46935,341,832
63423.48086,341,836
63423.48086,342,832
63423.48086,343,832
63423.48086,344,836
63423.48086,346,832
63423.48086,347,832
63423.48086,348,836
63423.48086,348,832
63423.48086,348,832
63423.48086,348,836
63423.48086,347,832
63423.48086,348,836
63423.48086,346,832
63423.48086,346,832
63423.48086,346,836
63423.48086,345,832
63423.4973,345,832
63423.4973,346,836
63423.4973,347,832
63423.4973,348,832
63423.4973,348,836
63423.4973,349,832
63423.4973,349,832
63423.4973,350,836
63423.4973,351,832
63423.4973,352,832
63423.4973,352,836
63423.4973,352,832
63423.4973,353,832
63423.4973,354,836
63423.4973,355,832
63423.4973,355,832
63423.50998,355,836
63423.50998,355,832
63423.50998,356,832
63423.50998,358,836
63423.50998,358,832
63423.50998,360,832
63423.50998,359,836
63423.50998,359,832
63423.50998,359,836
63423.50998,357,832
63423.50998,356,832
63423.50998,356,836
63423.50998,357,832
63423.50998,357,832
63423.50998,358,836
63423.50998,359,832
63423.52146,360,832
63423.52146,362,836
63423.52146,362,832
63423.52146,362,832
63423.52146,363,836
63423.52146,364,832
63423.52146,365,832
63423.52146,365,836
63423.52146,364,832
63423.52146,365,832
63423.52146,364,836
63423.52146,364,832
63423.52146,365,832
63423.52146,364,836
63423.52146,364,832
63423.52146,366,832
63423.53808,367,836
63423.53808,368,832
63423.53808,369,832
63423.53808,370,836
63423.53808,371,832
63423.53808,371,832
63423.53808,373,836
63423.53808,373,832
63423.53808,373,832
63423.53808,374,836
63423.53808,374,832
63423.53808,374,836
63423.53808,375,832
63423.53808,376,832
63423.53808,377,836
63423.53808,379,832
63423.55098,380,832
63423.55098,381,836
63423.55098,383,832
63423.55098,383,832
63423.55098,384,836
63423.55098,386,832
63423.55098,387,832
63423.55098,389,836
63423.55098,391,832
63423.55098,393,832
63423.55098,394,836
63423.55098,396,832
63423.55098,400,832
63423.55098,402,836
63423.55098,405,832
63423.55098,406,832
63423.56261,407,836
63423.56261,409,832
63423.56261,411,832
63423.56261,412,836
63423.56261,416,832
63423.56261,418,832
63423.56261,421,836
63423.56261,425,832
63423.56261,428,832
63423.56261,433,836
63423.56261,437,832
63423.56261,441,836
63423.56261,445,832
63423.56261,449,832
63423.56261,453,836
63423.56261,458,832
63423.57657,464,832
63423.57657,467,836
63423.57657,470,832
63423.57657,473,832
63423.57657,476,836
63423.57657,480,832
63423.57657,483,832
63423.57657,489,836
63423.57657,495,832
63423.57657,501,832
63423.57657,507,836
63423.57657,512,832
63423.57657,517,832
63423.57657,523,836
63423.57657,528,832
63423.57657,533,832
63423.59171,537,836
63423.59171,541,832
63423.59171,545,832
63423.59171,551,836
63423.59171,555,832
63423.59171,560,832
63423.59171,564,836
63423.59171,569,832
63423.59171,575,836
63423.59171,580,832
63423.59171,585,832
63423.59171,590,836
63423.59171,595,832
63423.59171,599,832
63423.59171,604,836
63423.59171,608,832
63423.60411,611,832
63423.60411,616,836
63423.60411,621,832
63423.60411,625,832
63423.60411,628,836
63423.60411,632,832
63423.60411,634,832
63423.60411,638,836
63423.60411,641,832
63423.60411,644,832
63423.60411,648,836
63423.60411,652,832
63423.60411,654,832
63423.60411,656,836
63423.60411,660,832
63423.60411,664,832
63423.61552,667,836
63423.61552,670,832
63423.61552,673,832
63423.61552,675,836
63423.61552,678,832
63423.61552,679,832
63423.61552,682,836
63423.61552,682,832
63423.61552,684,832
63423.61552,685,836
63423.61552,688,832
63423.61552,690,836
63423.61552,691,832
63423.61552,692,832
63423.61552,695,836
63423.61552,696,832
63423.62823,697,832
63423.62823,698,840
63423.62823,698,828
63423.62823,699,832
63423.62823,699,836
63423.62823,702,832
63423.62823,704,832
63423.62823,707,836
63423.62823,708,832
63423.62823,710,832
63423.62823,711,836
63423.62823,712,832
63423.62823,714,832
63423.62823,714,836
63423.62823,715,832
63423.62823,718,832
63423.64088,718,836
63423.64088,719,832
63423.64088,720,832
63423.64088,721,836
63423.64088,721,832
63423.64088,722,832
63423.64088,722,836
63423.64088,721,832
63423.64088,721,836
63423.64088,721,832
63423.64088,720,832
63423.64088,719,836
63423.64088,719,832
63423.64088,719,832
63423.64088,719,836
63423.64088,718,832
63423.65743,717,832
63423.65743,716,836
63423.65743,717,832
63423.65743,717,832
63423.65743,717,836
63423.65743,716,832
63423.65743,714,832
63423.65743,713,836
63423.65743,711,832
63423.65743,709,832
63423.65743,708,836
63423.65743,707,832
63423.65743,706,832
63423.65743,705,836
63423.65743,705,832
63423.65743,704,832
63423.66885,705,836
63423.66885,704,832
63423.66885,703,832
63423.66885,702,836
63423.66885,700,832
63423.66885,697,832
63423.66885,696,836
63423.66885,695,832
63423.66885,693,832
63423.66885,692,836
63423.66885,690,832
63423.66885,689,836
63423.66885,688,832
63423.66885,688,832
63423.66885,688,836
63423.66885,688,832
63423.68303,688,832
63423.68303,689,836
63423.68303,688,832
63423.68303,689,832
63423.68303,688,836
63423.68303,687,832
63423.68303,687,832
63423.68303,686,836
63423.68303,685,832
63423.68303,684,832
63423.68303,683,836
63423.68303,681,832
63423.68303,680,832
63423.68303,679,836
63423.68303,679,832
63423.68303,679,832
63423.69408,680,836
63423.69408,680,832
63423.69408,680,832
63423.69408,680,836
63423.69408,680,832
63423.69408,678,832
63423.69408,677,836
63423.69408,676,832
63423.69408,676,832
63423.69408,675,836
63423.69408,674,832
63423.69408,673,836
63423.69408,672,832
63423.69408,671,832
63423.69408,670,836
63423.69408,669,832
63423.71047,669,832
63423.71047,669,836
63423.71047,669,832
63423.71047,669,832
63423.71047,669,836
63423.71047,668,832
63423.71047,667,832
63423.71047,666,836
63423.71047,666,832
63423.71047,666,832
63423.71047,666,836
63423.71047,666,832
63423.71047,666,832
63423.71047,666,836
63423.71047,667,832
63423.71047,668,832
63423.72192,669,836
63423.72192,669,832
63423.72192,670,832
63423.72192,670,836
63423.72192,670,832
63423.72192,669,832
63423.72192,668,836
63423.72192,668,832
63423.72192,667,832
63423.72192,665,836
63423.72192,665,832
63423.72192,663,836
63423.72192,662,832
63423.72192,661,832
63423.72192,659,836
63423.72192,659,832
63423.73455,658,832
63423.73455,659,836
63423.73455,659,832
63423.73455,658,832
63423.73455,657,836
63423.73455,656,832
63423.73455,655,832
63423.73455,655,836
63423.73455,653,832
63423.73455,652,832
63423.73455,650,836
63423.73455,649,832
63423.73455,647,832
63423.73455,647,836
63423.73455,646,832
63423.73455,645,832
63423.74719,646,836
63423.74719,646,832
63423.74719,646,832
63423.74719,646,836
63423.74719,646,832
63423.74719,646,832
63423.74719,645,836
63423.74719,644,832
63423.74719,644,836
63423.74719,643,832
63423.74719,643,832
63423.74719,641,836
63423.74719,640,832
63423.74719,639,832
63423.74719,640,836
63423.74719,640,832
63423.76368,640,832
63423.76368,639,836
63423.76368,639,832
63423.76368,637,832
63423.76368,636,836
63423.76368,634,832
63423.76368,633,832
63423.76368,632,836
63423.76368,632,832
63423.76368,631,832
63423.76368,631,836
63423.76368,631,832
63423.76368,630,832
63423.76368,629,836
63423.76368,628,832
63423.76368,629,832
63423.77632,628,836
63423.77632,629,832
63423.77632,629,832
63423.77632,628,836
63423.77632,627,832
63423.77632,626,832
63423.77632,625,836
63423.77632,624,832
63423.77632,623,832
63423.77632,623,836
63423.77632,623,832
63423.77632,623,836
63423.77632,624,832
63423.77632,624,836
63423.77632,624,832
63423.77632,624,832
63423.79308,623,832
63423.79308,621,836
63423.79308,621,832
63423.79308,621,832
63423.79308,620,836
63423.79308,618,832
63423.79308,616,832
63423.79308,615,836
63423.79308,614,832
63423.79308,615,832
63423.79308,614,836
63423.79308,615,832
63423.79308,616,832
63423.79308,616,836
63423.79308,617,832
63423.79308,619,832
63423.80024,619,836
63423.80024,620,832
63423.80024,621,832
63423.80024,621,836
63423.80024,619,832
63423.80024,618,832
63423.80024,617,836
63423.80024,615,832
63423.80024,614,832
63423.80024,614,836
63423.80024,614,832
63423.80024,614,836
63423.80024,613,832
63423.80024,613,832
63423.80024,612,836
63423.80024,612,832
63423.81649,612,832
63423.81649,613,836
63423.81649,613,832
63423.81649,613,832
63423.81649,614,836
63423.81649,613,832
63423.81649,611,832
63423.81649,610,836
63423.81649,610,832
63423.81649,610,832
63423.81649,609,836
63423.81649,610,832
63423.81649,610,832
63423.81649,610,836
63423.81649,609,832
63423.81649,609,832
63423.8292,609,836
63423.8292,608,832
63423.8292,606,832
63423.8292,604,836
63423.8292,602,832
63423.8292,599,832
63423.8292,597,836
63423.8292,596,832
63423.8292,595,832
63423.8292,595,836
63423.8292,595,832
63423.8292,596,836
63423.8292,596,832
63423.8292,596,832
63423.8292,597,836
63423.8292,598,832
63423.84182,599,832
63423.84182,601,836
63423.84182,601,832
63423.84182,598,832
63423.84182,598,836
63423.84182,597,832
63423.84182,597,832
63423.84182,597,836
63423.84182,597,832
63423.84182,597,832
63423.84182,596,836
63423.84182,595,832
63423.84182,595,832
63423.84182,594,836
63423.84182,594,832
63423.84182,596,832
63423.85337,597,836
63423.85337,597,832
63423.85337,597,832
63423.85337,596,836
63423.85337,597,832
63423.85337,599,832
63423.85337,600,836
63423.85337,600,832
63423.85337,600,832
63423.85337,600,836
63423.85337,599,832
63423.85337,598,836
63423.85337,598,832
63423.85337,597,832
63423.85337,598,836
63423.85337,598,832
63423.8698,599,832
63423.8698,597,836
63423.8698,597,832
63423.8698,598,832
63423.8698,598,836
63423.8698,599,832
63423.8698,599,832
63423.8698,597,836
63423.8698,595,832
63423.8698,593,832
63423.8698,591,836
63423.8698,590,832
63423.8698,589,832
63423.8698,588,836
63423.8698,585,832
63423.8698,582,832
63423.88209,581,836
63423.88209,581,832
63423.88209,583,832
63423.88209,584,836
63423.88209,584,832
63423.88209,587,832
63423.88209,588,836
63423.88209,588,832
63423.88209,589,832
63423.88209,589,836
63423.88209,589,832
63423.88209,588,836
63423.88209,585,832
63423.88209,582,832
63423.88209,581,836
63423.88209,579,832
63423.89602,580,832
63423.89602,582,836
63423.89602,583,832
63423.89602,583,832
63423.89602,583,836
63423.89602,582,832
63423.89602,581,832
63423.89602,581,836
63423.89602,582,832
63423.89602,583,832
63423.89602,584,836
63423.89602,582,832
63423.89602,581,832
63423.89602,581,836
63423.89602,582,832
63423.89602,583,832
63423.91098,585,836
63423.91098,587,832
63423.91098,588,832
63423.91098,588,836
63423.91098,588,832
63423.91098,587,832
63423.91098,587,836
63423.91098,587,832
63423.91098,586,836
63423.91098,585,832
63423.91098,583,832
63423.91098,581,836
63423.91098,580,832
63423.91098,580,832
63423.91098,580,836
63423.91098,581,832
63423.92371,581,832
63423.92371,581,836
63423.92371,579,832
63423.92371,577,832
63423.92371,577,836
63423.92371,576,832
63423.92371,577,832
63423.92371,576,836
63423.92371,575,832
63423.92371,574,832
63423.92371,573,836
63423.92371,571,832
63423.92371,571,832
63423.92371,571,836
63423.92371,572,832
63423.92371,571,832
63423.93508,571,836
63423.93508,571,832
63423.93508,571,832
63423.93508,571,836
63423.93508,571,832
63423.93508,571,832
63423.93508,568,836
63423.93508,565,832
63423.93508,561,836
63423.93508,559,832
63423.93508,560,832
63423.93508,559,836
63423.93508,560,832
63423.93508,561,832
63423.93508,562,836
63423.93508,563,832
63423.94777,563,832
63423.94777,563,836
63423.94777,563,832
63423.94777,564,832
63423.94777,565,836
63423.94777,566,832
63423.94777,567,832
63423.94777,568,836
63423.94777,570,832
63423.94777,571,832
63423.94777,572,836
63423.94777,574,832
63423.94777,574,832
63423.94777,574,836
63423.94777,575,832
63423.94777,575,832
63423.96416,575,836
63423.96416,575,832
63423.96416,575,832
63423.96416,575,836
63423.96416,576,832
63423.96416,577,832
63423.96416,577,836
63423.96416,577,832
63423.96416,577,832
63423.96416,578,836
63423.96416,578,832
63423.96416,580,836
63423.96416,579,832
63423.96416,579,832
63423.96416,579,836
63423.96416,577,832
63423.97686,576,832
63423.97686,575,836
63423.97686,575,832
63423.97686,574,832
63423.97686,574,840
63423.97686,575,828
63423.97686,575,832
63423.97686,575,836
63423.97686,573,832
63423.97686,572,832
63423.97686,572,836
63423.97686,573,832
63423.97686,573,832
63423.97686,573,836
63423.97686,574,832
63423.97686,573,832
63423.98835,572,836
63423.98835,571,832
63423.98835,571,832
63423.98835,571,836
63423.98835,571,832
63423.98835,572,832
63423.98835,571,836
63423.98835,570,832
63423.98835,569,836
63423.98835,569,832
63423.98835,569,832
63423.98835,569,836
63423.98835,570,832
63423.98835,569,832
63423.98835,568,836
63423.98835,569,832
63424.0048,570,832
63424.0048,571,836
63424.0048,571,832
63424.0048,571,832
63424.0048,569,836
63424.0048,566,832
63424.0048,565,832
63424.0048,563,836
63424.0048,562,832
63424.0048,561,832
63424.0048,561,836
63424.0048,562,832
63424.0048,563,832
63424.0048,565,836
63424.0048,566,832
63424.0048,569,832
63424.0176,569,836
63424.0176,571,832
63424.0176,572,832
63424.0176,575,836
63424.0176,576,832
63424.0176,578,832
63424.0176,580,836
63424.0176,581,832
63424.0176,581,832
63424.0176,581,836
63424.0176,582,832
63424.0176,583,836
63424.0176,586,832
63424.0176,589,832
63424.0176,590,836
63424.0176,590,832
63424.02918,590,832
63424.02918,588,836
63424.02918,586,832
63424.02918,585,832
63424.02918,584,836
63424.02918,584,832
63424.02918,584,832
63424.02918,585,836
63424.02918,586,832
63424.02918,588,832
63424.02918,588,836
63424.02918,589,832
63424.02918,590,832
63424.02918,592,836
63424.02918,596,832
63424.02918,602,832
63424.04194,608,836
63424.04194,611,832
63424.04194,615,832
63424.04194,614,836
63424.04194,614,832
63424.04194,615,832
63424.04194,618,836
63424.04194,619,832
63424.04194,621,836
63424.04194,623,832
63424.04194,627,832
63424.04194,631,836
63424.04194,635,832
63424.04194,640,832
63424.04194,644,836
63424.04194,646,832
63424.05837,649,832
63424.05837,651,836
63424.05837,654,832
63424.05837,658,832
63424.05837,663,836
63424.05837,667,832
63424.05837,671,832
63424.05837,676,836
63424.05837,680,832
63424.05837,685,832
63424.05837,690,836
63424.05837,695,832
63424.05837,700,832
63424.05837,705,836
63424.05837,712,832
63424.05837,717,832
63424.0711,723,836
63424.0711,729,832
63424.0711,735,832
63424.0711,741,836
63424.0711,746,832
63424.0711,751,832
63424.0711,754,836
63424.0711,759,832
63424.0711,764,832
63424.0711,769,836
63424.0711,773,832
63424.0711,778,836
63424.0711,783,832
63424.0711,786,832
63424.0711,790,836
63424.0711,794,832
63424.08249,798,832
63424.08249,800,836
63424.08249,803,832
63424.08249,807,832
63424.08249,811,836
63424.08249,814,832
63424.08249,818,832
63424.08249,820,836
63424.08249,820,832
63424.08249,820,832
63424.08249,820,836
63424.08249,819,832
63424.08249,820,832
63424.08249,821,836
63424.08249,821,832
63424.08249,821,832
63424.0952,821,836
63424.0952,819,832
63424.0952,817,832
63424.0952,816,836
63424.0952,816,832
63424.0952,816,832
63424.0952,816,836
63424.0952,817,832
63424.0952,816,836
63424.0952,815,832
63424.0952,815,832
63424.0952,813,836
63424.0952,812,832
63424.0952,812,832
63424.0952,811,836
63424.0952,810,832
63424.10813,807,832
63424.10813,805,836
63424.10813,802,832
63424.10813,799,832
63424.10813,798,836
63424.10813,796,832
63424.10813,794,832
63424.10813,791,836
63424.10813,787,832
63424.10813,784,832
63424.10813,780,836
63424.10813,777,832
63424.10813,773,832
63424.10813,772,836
63424.10813,769,832
63424.10813,767,832
63424.12404,767,836
63424.12404,765,832
63424.12404,763,832
63424.12404,762,836
63424.12404,760,832
63424.12404,758,832
63424.12404,757,836
63424.12404,756,832
63424.12404,753,836
63424.12404,752,832
63424.12404,749,832
63424.12404,748,836
63424.12404,744,832
63424.12404,741,832
63424.12404,736,836
63424.12404,734,832
63424.13663,730,836
63424.13663,728,832
63424.13663,727,832
63424.13663,726,832
63424.13663,724,836
63424.13663,722,832
63424.13663,720,832
63424.13663,719,836
63424.13663,718,832
63424.13663,716,832
63424.13663,716,836
63424.13663,714,832
63424.13663,712,832
63424.13663,708,836
63424.13663,706,832
63424.13663,704,832
63424.148,701,836
63424.148,700,832
63424.148,699,832
63424.148,697,836
63424.148,695,832
63424.148,693,832
63424.148,691,836
63424.148,689,832
63424.148,687,832
63424.148,685,836
63424.148,682,832
63424.148,679,836
63424.148,678,832
63424.148,676,832
63424.148,675,836
63424.148,672,832
63424.16065,671,832
63424.16065,670,836
63424.16065,668,832
63424.16065,666,832
63424.16065,663,836
63424.16065,662,832
63424.16065,660,832
63424.16065,658,836
63424.16065,656,832
63424.16065,653,832
63424.16065,650,836
63424.16065,651,832
63424.16065,651,832
63424.16065,649,836
63424.16065,648,832
63424.16065,647,832
63424.17711,645,836
63424.17711,645,832
63424.17711,643,832
63424.17711,642,836
63424.17711,641,832
63424.17711,641,832
63424.17711,639,836
63424.17711,635,832
63424.17711,631,836
63424.17711,628,832
63424.17711,627,832
63424.17711,626,836
63424.17711,626,832
63424.17711,626,832
63424.17711,624,836
63424.17711,623,832
63424.18985,620,832
63424.18985,619,836
63424.18985,618,832
63424.18985,616,832
63424.18985,615,836
63424.18985,613,832
63424.18985,609,832
63424.18985,606,836
63424.18985,604,832
63424.18985,602,832
63424.18985,601,836
63424.18985,601,832
63424.18985,600,832
63424.18985,599,836
63424.18985,598,832
63424.18985,596,832
63424.2013,594,836
63424.2013,593,832
63424.2013,593,832
63424.2013,592,836
63424.2013,590,832
63424.2013,587,832
63424.2013,587,836
63424.2013,588,832
63424.2013,589,832
63424.2013,589,836
63424.2013,590,832
63424.2013,590,836
63424.2013,590,832
63424.2013,590,832
63424.2013,589,836
63424.2013,588,832
63424.21483,586,832
63424.21483,585,836
63424.21483,583,832
63424.21483,581,832
63424.21483,579,836
63424.21483,580,832
63424.21483,581,832
63424.21483,581,836
63424.21483,580,832
63424.21483,579,832
63424.21483,577,836
63424.21483,576,832
63424.21483,575,832
63424.21483,575,836
63424.21483,574,832
63424.21483,573,832
63424.23053,571,836
63424.23053,568,832
63424.23053,565,832
63424.23053,564,836
63424.23053,563,832
63424.23053,563,832
63424.23053,563,836
63424.23053,564,832
63424.23053,564,832
63424.23053,563,836
63424.23053,562,832
63424.23053,560,836
63424.23053,559,832
63424.23053,557,832
63424.23053,557,836
63424.23053,554,832
63424.24318,553,832
63424.24318,551,836
63424.24318,550,832
63424.24318,551,832
63424.24318,551,836
63424.24318,553,832
63424.24318,552,832
63424.24318,552,836
63424.24318,551,832
63424.24318,550,832
63424.24318,551,836
63424.24318,552,832
63424.24318,552,832
63424.24318,551,836
63424.24318,548,832
63424.24318,547,832
63424.25567,546,836
63424.25567,545,832
63424.25567,545,832
63424.25567,546,836
63424.25567,548,832
63424.25567,549,832
63424.25567,550,836
63424.25567,549,832
63424.25567,547,832
63424.25567,545,836
63424.25567,545,832
63424.25567,544,836
63424.25567,542,832
63424.25567,540,832
63424.25567,539,836
63424.25567,540,832
63424.26709,540,832
63424.26709,541,836
63424.26709,542,832
63424.26709,542,832
63424.26709,541,836
63424.26709,540,832
63424.26709,540,832
63424.26709,538,836
63424.26709,536,832
63424.26709,534,832
63424.26709,534,836
63424.26709,532,832
63424.26709,532,832
63424.26709,532,836
63424.26709,532,832
63424.26709,532,832
63424.28357,533,836
63424.28357,534,832
63424.28357,535,832
63424.28357,536,836
63424.28357,537,832
63424.28357,539,832
63424.28357,541,836
63424.28357,542,832
63424.28357,542,836
63424.28357,543,832
63424.28357,542,832
63424.28357,542,836
63424.28357,541,832
63424.28357,540,832
63424.28357,540,836
63424.28357,540,832
63424.29629,540,832
63424.29629,540,836
63424.29629,540,832
63424.29629,539,832
63424.29629,540,836
63424.29629,541,832
63424.29629,542,832
63424.29629,544,836
63424.29629,544,832
63424.29629,544,832
63424.29629,543,836
63424.29629,541,832
63424.29629,539,832
63424.29629,537,836
63424.29629,535,832
63424.29629,534,832
63424.30892,533,836
63424.30892,533,832
63424.30892,531,832
63424.30892,530,836
63424.30892,529,832
63424.30892,528,832
63424.30892,528,836
63424.30892,529,832
63424.30892,530,832
63424.30892,529,836
63424.30892,530,832
63424.30892,530,836
63424.30892,530,832
63424.30892,531,832
63424.30892,532,836
63424.30892,533,832
63424.32367,533,832
63424.32367,533,836
63424.32367,533,832
63424.32367,531,832
63424.32367,530,836
63424.32367,528,832
63424.32367,527,832
63424.32367,527,840
63424.32367,527,828
63424.32367,526,832
63424.32367,523,836
63424.32367,521,832
63424.32367,519,832
63424.32367,519,836
63424.32367,519,832
63424.32367,520,832
63424.33665,521,836
63424.33665,523,832
63424.33665,524,832
63424.33665,524,836
63424.33665,525,832
63424.33665,525,832
63424.33665,525,836
63424.33665,526,832
63424.33665,527,836
63424.33665,528,832
63424.33665,527,832
63424.33665,527,836
63424.33665,526,832
63424.33665,525,832
63424.33665,522,836
63424.33665,521,832
63424.34936,520,832
63424.34936,520,836
63424.34936,519,832
63424.34936,520,832
63424.34936,520,836
63424.34936,520,832
63424.34936,521,832
63424.34936,521,836
63424.34936,522,832
63424.34936,523,832
63424.34936,522,836
63424.34936,521,832
63424.34936,520,832
63424.34936,519,836
63424.34936,518,832
63424.34936,518,832
63424.36214,518,836
63424.36214,518,832
63424.36214,518,832
63424.36214,518,836
63424.36214,517,832
63424.36214,516,832
63424.36214,516,836
63424.36214,517,832
63424.36214,518,832
63424.36214,520,836
63424.36214,521,832
63424.36214,520,836
63424.36214,519,832
63424.36214,516,832
63424.36214,516,836
63424.36214,515,832
63424.37763,514,832
63424.37763,512,836
63424.37763,510,832
63424.37763,508,832
63424.37763,505,836
63424.37763,502,832
63424.37763,499,832
63424.37763,498,836
63424.37763,498,832
63424.37763,499,832
63424.37763,500,836
63424.37763,501,832
63424.37763,503,832
63424.37763,505,836
63424.37763,507,832
63424.37763,509,832
63424.39052,511,836
63424.39052,512,832
63424.39052,513,832
63424.39052,513,836
63424.39052,513,832
63424.39052,514,832
63424.39052,516,836
63424.39052,517,832
63424.39052,519,832
63424.39052,521,836
63424.39052,522,832
63424.39052,522,836
63424.39052,520,832
63424.39052,519,832
63424.39052,518,836
63424.39052,518,832
63424.40201,518,832
63424.40201,517,836
63424.40201,516,832
63424.40201,515,832
63424.40201,514,836
63424.40201,513,832
63424.40201,512,832
63424.40201,511,836
63424.40201,512,832
63424.40201,512,832
63424.40201,512,836
63424.40201,512,832
63424.40201,511,832
63424.40201,509,836
63424.40201,509,832
63424.40201,509,832
63424.41478,509,836
63424.41478,507,832
63424.41478,505,832
63424.41478,503,836
63424.41478,503,832
63424.41478,503,832
63424.41478,503,836
63424.41478,502,832
63424.41478,503,832
63424.41478,504,836
63424.41478,504,832
63424.41478,506,836
63424.41478,507,832
63424.41478,507,832
63424.41478,508,836
63424.41478,508,832
63424.4313,508,832
63424.4313,508,836
63424.4313,508,832
63424.4313,509,832
63424.4313,510,836
63424.4313,512,832
63424.4313,513,832
63424.4313,514,836
63424.4313,514,832
63424.4313,516,832
63424.4313,517,836
63424.4313,518,832
63424.4313,518,832
63424.4313,518,836
63424.4313,518,832
63424.4313,517,832
63424.44396,516,836
63424.44396,516,832
63424.44396,514,832
63424.44396,513,836
63424.44396,511,832
63424.44396,510,832
63424.44396,510,836
63424.44396,508,832
63424.44396,508,832
63424.44396,506,836
63424.44396,507,832
63424.44396,507,836
63424.44396,508,832
63424.44396,506,832
63424.44396,506,836
63424.44396,506,832
63424.45533,506,832
63424.45533,506,836
63424.45533,506,832
63424.45533,507,832
63424.45533,506,836
63424.45533,506,832
63424.45533,505,832
63424.45533,505,836
63424.45533,506,832
63424.45533,508,832
63424.45533,509,836
63424.45533,510,832
63424.45533,512,832
63424.45533,513,836
63424.45533,515,832
63424.45533,517,832
63424.47185,518,836
63424.47185,518,832
63424.47185,517,832
63424.47185,517,836
63424.47185,515,832
63424.47185,514,832
63424.47185,513,836
63424.47185,514,832
63424.47185,514,832
63424.47185,515,836
63424.47185,514,832
63424.47185,514,836
63424.47185,514,832
63424.47185,515,832
63424.47185,513,836
63424.47185,513,832
63424.48463,512,832
63424.48463,511,836
63424.48463,510,832
63424.48463,510,844
63424.48463,510,824
63424.48463,510,832
63424.48463,510,832
63424.48463,511,836
63424.48463,512,832
63424.48463,514,832
63424.48463,513,836
63424.48463,513,832
63424.48463,514,832
63424.48463,515,836
63424.48463,515,832
63424.48463,515,832
63424.49628,515,836
63424.49628,514,832
63424.49628,513,832
63424.49628,512,836
63424.49628,511,832
63424.49628,511,832
63424.49628,509,836
63424.49628,509,832
63424.49628,510,832
63424.49628,511,836
63424.49628,512,832
63424.49628,513,836
63424.49628,514,832
63424.49628,514,832
63424.49628,514,836
63424.49628,513,832
63424.50915,512,832
63424.50915,510,836
63424.50915,510,832
63424.50915,510,832
63424.50915,510,836
63424.50915,511,832
63424.50915,511,832
63424.50915,511,836
63424.50915,511,832
63424.50915,513,832
63424.50915,513,836
63424.50915,513,832
63424.50915,512,832
63424.50915,513,836
63424.50915,512,832
63424.50915,513,832
63424.52575,512,836
63424.52575,512,832
63424.52575,513,832
63424.52575,512,836
63424.52575,512,832
63424.52575,511,832
63424.52575,510,836
63424.52575,510,832
63424.52575,509,832
63424.52575,508,836
63424.52575,508,832
63424.52575,507,836
63424.52575,506,832
63424.52575,507,832
63424.52575,507,836
63424.52575,508,832
63424.54077,508,832
63424.54077,509,836
63424.54077,510,832
63424.54077,511,832
63424.54077,512,836
63424.54077,512,832
63424.54077,512,832
63424.54077,512,836
63424.54077,512,832
63424.54077,511,832
63424.54077,510,836
63424.54077,510,832
63424.54077,509,832
63424.54077,508,836
63424.54077,507,832
63424.54077,508,832
63424.54972,507,836
63424.54972,508,832
63424.54972,508,832
63424.54972,509,836
63424.54972,510,832
63424.54972,510,832
63424.54972,510,836
63424.54972,509,832
63424.54972,509,832
63424.54972,507,836
63424.54972,507,832
63424.54972,506,836
63424.54972,506,832
63424.54972,506,832
63424.54972,506,836
63424.54972,507,832
63424.56233,508,832
63424.56233,507,836
63424.56233,505,832
63424.56233,504,832
63424.56233,505,836
63424.56233,506,832
63424.56233,505,832
63424.56233,503,836
63424.56233,504,832
63424.56233,503,832
63424.56233,502,836
63424.56233,502,832
63424.56233,501,832
63424.56233,501,836
63424.56233,500,832
63424.56233,501,832
63424.57872,502,836
63424.57872,502,832
63424.57872,502,832
63424.57872,502,836
63424.57872,503,832
63424.57872,505,832
63424.57872,506,836
63424.57872,506,832
63424.57872,506,832
63424.57872,508,836
63424.57872,510,832
63424.57872,511,836
63424.57872,512,832
63424.57872,513,832
63424.57872,513,836
63424.57872,512,832
63424.5902,513,832
63424.5902,515,836
63424.5902,516,832
63424.5902,514,832
63424.5902,512,836
63424.5902,513,832
63424.5902,514,832
63424.5902,513,836
63424.5902,513,832
63424.5902,513,832
63424.5902,512,836
63424.5902,513,832
63424.5902,512,832
63424.5902,512,836
63424.5902,512,832
63424.5902,510,832
63424.60288,511,836
63424.60288,512,832
63424.60288,511,832
63424.60288,512,836
63424.60288,510,832
63424.60288,509,832
63424.60288,509,836
63424.60288,509,832
63424.60288,508,832
63424.60288,508,836
63424.60288,508,832
63424.60288,508,836
63424.60288,508,832
63424.60288,508,832
63424.60288,508,836
63424.60288,508,832
63424.61557,508,832
63424.61557,508,836
63424.61557,509,832
63424.61557,509,832
63424.61557,510,836
63424.61557,511,832
63424.61557,512,832
63424.61557,513,836
63424.61557,513,832
63424.61557,513,832
63424.61557,513,836
63424.61557,513,832
63424.61557,512,832
63424.61557,512,836
63424.61557,512,832
63424.61557,511,832
63424.63223,511,836
63424.63223,512,832
63424.63223,512,832
63424.63223,513,836
63424.63223,514,832
63424.63223,515,832
63424.63223,516,836
63424.63223,516,832
63424.63223,515,836
63424.63223,515,832
63424.63223,516,832
63424.63223,517,836
63424.63223,517,832
63424.63223,518,832
63424.63223,519,836
63424.63223,519,832
63424.64708,518,832
63424.64708,518,836
63424.64708,518,832
63424.64708,518,832
63424.64708,516,836
63424.64708,514,832
63424.64708,512,832
63424.64708,510,836
63424.64708,509,832
63424.64708,509,832
63424.64708,509,836
63424.64708,510,832
63424.64708,511,832
63424.64708,512,836
63424.64708,514,832
63424.64708,516,832
63424.65743,518,836
63424.65743,519,832
63424.65743,522,832
63424.65743,524,836
63424.65743,527,832
63424.65743,528,832
63424.65743,531,836
63424.65743,531,832
63424.65743,531,832
63424.65743,531,836
63424.65743,531,832
63424.65743,531,836
63424.65743,530,832
63424.65743,530,832
63424.65743,531,836
63424.65743,531,832
63424.67102,532,832
63424.67102,532,836
63424.67102,532,832
63424.67102,531,832
63424.67102,533,836
63424.67102,533,832
63424.67102,533,832
63424.67102,534,836
63424.67102,535,832
63424.67102,535,832
63424.67102,536,848
63424.67102,535,820
63424.67102,533,832
63424.67102,531,836
63424.67102,529,832
63424.67102,527,832
63424.68121,526,836
63424.68121,525,832
63424.68121,524,832
63424.68121,525,836
63424.68121,526,832
63424.68121,526,832
63424.68121,527,836
63424.68121,526,832
63424.68121,525,832
63424.68121,524,836
63424.68121,524,832
63424.68121,523,836
63424.68121,522,832
63424.68121,522,832
63424.68121,521,836
63424.68121,521,832
63424.6976,521,832
63424.6976,521,836
63424.6976,521,832
63424.6976,522,832
63424.6976,523,836
63424.6976,524,832
63424.6976,525,832
63424.6976,525,836
63424.6976,525,832
63424.6976,526,832
63424.6976,526,836
63424.6976,526,832
63424.6976,525,832
63424.6976,525,836
63424.6976,524,832
63424.6976,524,832
63424.71035,524,836
63424.71035,523,832
63424.71035,522,832
63424.71035,522,836
63424.71035,523,832
63424.71035,524,832
63424.71035,525,836
63424.71035,526,832
63424.71035,524,832
63424.71035,524,836
63424.71035,523,832
63424.71035,522,836
63424.71035,521,832
63424.71035,520,832
63424.71035,521,836
63424.71035,521,832
63424.72236,521,832
63424.72236,521,836
63424.72236,521,832
63424.72236,521,832
63424.72236,522,836
63424.72236,521,832
63424.72236,521,832
63424.72236,519,836
63424.72236,518,832
63424.72236,518,832
63424.72236,519,836
63424.72236,520,832
63424.72236,520,832
63424.72236,521,836
63424.72236,522,832
63424.72236,523,832
63424.73484,523,836
63424.73484,522,832
63424.73484,521,832
63424.73484,521,836
63424.73484,520,832
63424.73484,521,832
63424.73484,522,836
63424.73484,522,832
63424.73484,520,832
63424.73484,519,836
63424.73484,519,832
63424.73484,519,836
63424.73484,520,832
63424.73484,521,832
63424.73484,520,836
63424.73484,520,832
63424.75121,519,832
63424.75121,520,836
63424.75121,521,832
63424.75121,521,832
63424.75121,522,836
63424.75121,522,832
63424.75121,524,832
63424.75121,524,836
63424.75121,525,832
63424.75121,523,832
63424.75121,524,836
63424.75121,525,832
63424.75121,526,832
63424.75121,526,836
63424.75121,526,832
63424.75121,525,832
63424.76259,525,836
63424.76259,524,832
63424.76259,524,832
63424.76259,524,836
63424.76259,525,832
63424.76259,526,832
63424.76259,527,836
63424.76259,527,832
63424.76259,527,832
63424.76259,527,836
63424.76259,528,832
63424.76259,528,836
63424.76259,527,832
63424.76259,525,832
63424.76259,524,836
63424.76259,523,832
63424.77516,521,832
63424.77516,520,836
63424.77516,519,832
63424.77516,520,832
63424.77516,520,836
63424.77516,519,832
63424.77516,520,832
63424.77516,520,836
63424.77516,519,832
63424.77516,519,832
63424.77516,519,836
63424.77516,520,832
63424.77516,521,832
63424.77516,523,836
63424.77516,522,832
63424.77516,522,832
63424.78781,522,836
63424.78781,521,832
63424.78781,523,832
63424.78781,523,836
63424.78781,524,832
63424.78781,524,832
63424.78781,523,836
63424.78781,522,832
63424.78781,523,836
63424.78781,522,832
63424.78781,523,832
63424.78781,525,836
63424.78781,526,832
63424.78781,527,832
63424.78781,527,836
63424.78781,527,832
63424.80421,527,832
63424.80421,528,836
63424.80421,527,832
63424.80421,526,832
63424.80421,525,836
63424.80421,523,832
63424.80421,521,832
63424.80421,520,836
63424.80421,520,832
63424.80421,519,832
63424.80421,519,836
63424.80421,519,832
63424.80421,519,832
63424.80421,518,836
63424.80421,518,832
63424.80421,518,832
63424.8169,518,836
63424.8169,519,832
63424.8169,520,832
63424.8169,522,836
63424.8169,524,832
63424.8169,525,832
63424.8169,526,836
63424.8169,526,832
63424.8169,525,832
63424.8169,525,836
63424.8169,526,832
63424.8169,527,836
63424.8169,526,832
63424.8169,526,832
63424.8169,526,836
63424.8169,526,832
63424.8283,524,832
63424.8283,523,836
63424.8283,522,832
63424.8283,521,832
63424.8283,521,836
63424.8283,522,832
63424.8283,522,844
63424.8283,522,824
63424.8283,523,832
63424.8283,525,832
63424.8283,524,836
63424.8283,525,832
63424.8283,525,832
63424.8283,525,836
63424.8283,525,832
63424.8283,524,832
63424.84479,524,836
63424.84479,525,832
63424.84479,525,832
63424.84479,524,836
63424.84479,524,832
63424.84479,525,832
63424.84479,525,836
63424.84479,525,832
63424.84479,525,836
63424.84479,525,832
63424.84479,525,832
63424.84479,525,836
63424.84479,525,832
63424.84479,525,832
63424.84479,525,836
63424.84479,525,832
63424.85737,523,832
63424.85737,522,836
63424.85737,520,832
63424.85737,520,832
63424.85737,521,836
63424.85737,520,832
63424.85737,521,832
63424.85737,522,836
63424.85737,523,832
63424.85737,523,832
63424.85737,523,836
63424.85737,522,832
63424.85737,521,832
63424.85737,521,836
63424.85737,521,832
63424.85737,521,832
63424.87009,522,836
63424.87009,522,832
63424.87009,522,832
63424.87009,523,836
63424.87009,523,832
63424.87009,523,832
63424.87009,524,836
63424.87009,525,832
63424.87009,526,836
63424.87009,527,832
63424.87009,527,832
63424.87009,527,836
63424.87009,527,832
63424.87009,528,832
63424.87009,529,836
63424.87009,528,832
63424.88148,528,832
63424.88148,529,836
63424.88148,530,832
63424.88148,530,832
63424.88148,530,836
63424.88148,530,832
63424.88148,530,832
63424.88148,530,836
63424.88148,529,832
63424.88148,529,832
63424.88148,527,836
63424.88148,527,832
63424.88148,526,832
63424.88148,527,836
63424.88148,527,832
63424.88148,527,832
63424.89806,527,836
63424.89806,526,832
63424.89806,525,832
63424.89806,524,836
63424.89806,523,832
63424.89806,523,832
63424.89806,521,836
63424.89806,520,832
63424.89806,520,832
63424.89806,520,836
63424.89806,520,832
63424.89806,520,836
63424.89806,521,832
63424.89806,522,832
63424.89806,523,836
63424.89806,524,832
63424.91061,524,832
63424.91061,524,836
63424.91061,525,832
63424.91061,525,832
63424.91061,525,836
63424.91061,525,832
63424.91061,525,832
63424.91061,524,836
63424.91061,525,832
63424.91061,524,832
63424.91061,525,836
63424.91061,525,832
63424.91061,527,832
63424.91061,527,836
63424.91061,528,832
63424.91061,528,832
63424.92203,528,836
63424.92203,528,832
63424.92203,527,832
63424.92203,527,836
63424.92203,527,832
63424.92203,526,832
63424.92203,525,836
63424.92203,525,832
63424.92203,526,832
63424.92203,525,836
63424.92203,524,832
63424.92203,524,836
63424.92203,525,832
63424.92203,525,832
63424.92203,526,836
63424.92203,527,832
63424.93852,527,832
63424.93852,528,836
63424.93852,529,832
63424.93852,529,832
63424.93852,529,836
63424.93852,528,832
63424.93852,528,832
63424.93852,527,836
63424.93852,526,832
63424.93852,524,832
63424.93852,523,836
63424.93852,522,832
63424.93852,520,832
63424.93852,519,836
63424.93852,520,832
63424.93852,519,832
63424.95125,520,836
63424.95125,520,832
63424.95125,520,832
63424.95125,521,836
63424.95125,521,832
63424.95125,522,832
63424.95125,524,836
63424.95125,523,832
63424.95125,523,832
63424.95125,524,836
63424.95125,524,832
63424.95125,524,836
63424.95125,525,832
63424.95125,524,832
63424.95125,524,836
63424.95125,525,832
63424.96371,525,832
63424.96371,524,836
63424.96371,524,832
63424.96371,523,832
63424.96371,521,836
63424.96371,520,832
63424.96371,520,832
63424.96371,519,836
63424.96371,518,832
63424.96371,517,832
63424.96371,518,836
63424.96371,517,832
63424.96371,516,832
63424.96371,515,836
63424.96371,515,832
63424.96371,515,832
63424.97639,515,836
63424.97639,516,832
63424.97639,516,832
63424.97639,516,836
63424.97639,517,832
63424.97639,516,832
63424.97639,516,836
63424.97639,516,832
63424.97639,517,832
63424.97639,517,836
63424.97639,517,832
63424.97639,518,836
63424.97639,520,832
63424.97639,522,832
63424.97639,522,836
63424.97639,524,832
63424.99293,523,832
63424.99293,523,836
63424.99293,522,832
63424.99293,522,832
63424.99293,521,836
63424.99293,520,832
63424.99293,520,832
63424.99293,519,836
63424.99293,519,832
63424.99293,520,832
63424.99293,520,836
63424.99293,520,832
63424.99293,520,832
63424.99293,520,836
63424.99293,519,832
63424.99293,519,832
63425.00427,519,836
63425.00427,519,832
63425.00427,519,832
63425.00427,518,836
63425.00427,517,832
63425.00427,516,832
63425.00427,515,836
63425.00427,515,832
63425.00427,515,832
63425.00427,514,836
63425.00427,514,832
63425.00427,513,836
63425.00427,513,832
63425.00427,512,832
63425.00427,512,836
63425.00427,513,832
63425.01699,514,832
63425.01699,515,836
63425.01699,517,832
63425.01699,517,832
63425.01699,518,836
63425.01699,519,832
63425.01699,521,832
63425.01699,521,836
63425.01699,521,832
63425.01699,522,832
63425.01699,522,836
63425.01699,521,832
63425.01699,522,832
63425.01699,520,848
63425.01699,522,820
63425.01699,521,832
63425.0284,521,836
63425.0284,520,832
63425.0284,520,832
63425.0284,519,836
63425.0284,520,832
63425.0284,520,832
63425.0284,521,836
63425.0284,521,832
63425.0284,520,832
63425.0284,520,836
63425.0284,519,832
63425.0284,518,836
63425.0284,517,832
63425.0284,514,832
63425.0284,514,836
63425.0284,512,832
63425.04494,512,832
63425.04494,512,836
63425.04494,511,832
63425.04494,510,832
63425.04494,510,836
63425.04494,510,832
63425.04494,510,832
63425.04494,510,836
63425.04494,508,832
63425.04494,509,832
63425.04494,510,836
63425.04494,510,832
63425.04494,510,832
63425.04494,511,836
63425.04494,512,832
63425.04494,513,832
63425.05751,514,836
63425.05751,515,832
63425.05751,515,832
63425.05751,515,836
63425.05751,516,832
63425.05751,516,832
63425.05751,516,836
63425.05751,514,832
63425.05751,513,832
63425.05751,513,836
63425.05751,513,832
63425.05751,512,836
63425.05751,513,832
63425.05751,513,832
63425.05751,514,836
63425.05751,516,832
63425.07019,518,832
63425.07019,519,836
63425.07019,520,832
63425.07019,520,832
63425.07019,520,836
63425.07019,519,832
63425.07019,519,832
63425.07019,518,836
63425.07019,518,832
63425.07019,517,832
63425.07019,516,836
63425.07019,515,832
63425.07019,514,832
63425.07019,513,836
63425.07019,513,832
63425.07019,512,832
63425.08278,512,836
63425.08278,510,832
63425.08278,510,832
63425.08278,508,836
63425.08278,508,832
63425.08278,508,832
63425.08278,508,836
63425.08278,508,832
63425.08278,508,832
63425.08278,509,836
63425.08278,509,832
63425.08278,509,836
63425.08278,509,832
63425.08278,509,832
63425.08278,510,836
63425.08278,509,832
63425.0991,509,832
63425.0991,509,836
63425.0991,509,832
63425.0991,509,832
63425.0991,509,836
63425.0991,507,832
63425.0991,506,832
63425.0991,505,836
63425.0991,505,832
63425.0991,506,832
63425.0991,506,836
63425.0991,506,832
63425.0991,506,832
63425.0991,507,836
63425.0991,509,832
63425.0991,511,832
63425.11056,511,836
63425.11056,512,832
63425.11056,511,832
63425.11056,512,836
63425.11056,512,832
63425.11056,511,832
63425.11056,512,836
63425.11056,512,832
63425.11056,514,836
63425.11056,517,832
63425.11056,519,832
63425.11056,520,836
63425.11056,522,832
63425.11056,523,832
63425.11056,525,836
63425.11056,525,832
63425.12322,526,832
63425.12322,525,836
63425.12322,525,832
63425.12322,524,832
63425.12322,523,836
63425.12322,523,832
63425.12322,522,832
63425.12322,522,836
63425.12322,522,832
63425.12322,520,832
63425.12322,519,836
63425.12322,519,832
63425.12322,519,832
63425.12322,519,836
63425.12322,519,832
63425.12322,521,832
63425.13585,521,836
63425.13585,521,832
63425.13585,520,832
63425.13585,519,836
63425.13585,518,832
63425.13585,517,832
63425.13585,518,836
63425.13585,518,832
63425.13585,518,832
63425.13585,520,836
63425.13585,521,832
63425.13585,522,836
63425.13585,521,832
63425.13585,521,832
63425.13585,522,836
63425.13585,522,832
63425.14729,522,832
63425.14729,523,836
63425.14729,525,832
63425.14729,526,832
63425.14729,528,836
63425.14729,527,832
63425.14729,527,832
63425.14729,527,836
63425.14729,527,832
63425.14729,527,832
63425.14729,527,836
63425.14729,527,832
63425.14729,526,832
63425.14729,525,836
63425.14729,524,832
63425.14729,522,832
63425.16381,521,836
63425.16381,519,832
63425.16381,517,832
63425.16381,515,836
63425.16381,515,832
63425.16381,515,832
63425.16381,516,836
63425.16381,516,832
63425.16381,517,836
63425.16381,517,832
63425.16381,518,832
63425.16381,519,836
63425.16381,520,832
63425.16381,521,832
63425.16381,521,836
63425.16381,522,832
63425.1776,523,832
63425.1776,523,836
63425.1776,525,832
63425.1776,525,832
63425.1776,524,836
63425.1776,524,832
63425.1776,523,832
63425.1776,523,836
63425.1776,523,832
63425.1776,524,836
63425.1776,525,832
63425.1776,525,832
63425.1776,526,832
63425.1776,527,836
63425.1776,527,832
63425.1776,527,832
63425.18887,527,836
63425.18887,527,832
63425.18887,526,832
63425.18887,525,836
63425.18887,525,832
63425.18887,524,832
63425.18887,523,836
63425.18887,521,832
63425.18887,521,832
63425.18887,519,836
63425.18887,519,832
63425.18887,519,836
63425.18887,519,832
63425.18887,518,832
63425.18887,517,836
63425.18887,517,832
63425.20153,516,832
63425.20153,514,836
63425.20153,516,832
63425.20153,517,832
63425.20153,517,836
63425.20153,517,832
63425.20153,517,832
63425.20153,518,836
63425.20153,519,832
63425.20153,520,832
63425.20153,521,836
63425.20153,520,832
63425.20153,520,832
63425.20153,520,836
63425.20153,519,832
63425.20153,519,832
63425.21813,519,836
63425.21813,519,832
63425.21813,519,832
63425.21813,519,836
63425.21813,520,832
63425.21813,521,832
63425.21813,522,836
63425.21813,522,832
63425.21813,523,832
63425.21813,522,836
63425.21813,524,832
63425.21813,524,836
63425.21813,523,832
63425.21813,523,832
63425.21813,524,836
63425.21813,523,832
63425.22954,522,832
63425.22954,521,836
63425.22954,519,832
63425.22954,519,832
63425.22954,519,836
63425.22954,519,832
63425.22954,519,832
63425.22954,519,836
63425.22954,519,832
63425.22954,519,832
63425.22954,520,836
63425.22954,521,832
63425.22954,523,832
63425.22954,524,836
63425.22954,527,832
63425.22954,527,832
63425.24216,527,836
63425.24216,526,832
63425.24216,526,832
63425.24216,525,836
63425.24216,525,832
63425.24216,523,832
63425.24216,522,836
63425.24216,522,832
63425.24216,522,836
63425.24216,523,832
63425.24216,524,832
63425.24216,526,836
63425.24216,526,832
63425.24216,525,832
63425.24216,524,836
63425.24216,524,832
63425.25489,524,832
63425.25489,524,836
63425.25489,523,832
63425.25489,522,832
63425.25489,522,836
63425.25489,519,832
63425.25489,518,832
63425.25489,519,836
63425.25489,518,832
63425.25489,519,832
63425.25489,519,836
63425.25489,519,832
63425.25489,520,832
63425.25489,520,836
63425.25489,521,832
63425.25489,521,832
63425.27131,522,836
63425.27131,523,832
63425.27131,522,832
63425.27131,524,836
63425.27131,524,832
63425.27131,523,832
63425.27131,524,836
63425.27131,522,832
63425.27131,520,832
63425.27131,519,836
63425.27131,518,832
63425.27131,518,836
63425.27131,517,832
63425.27131,517,832
63425.27131,516,836
63425.27131,515,832
63425.28574,514,832
63425.28574,514,836
63425.28574,515,832
63425.28574,516,832
63425.28574,516,836
63425.28574,517,832
63425.28574,517,832
63425.28574,516,836
63425.28574,515,832
63425.28574,516,832
63425.28574,516,836
63425.28574,515,832
63425.28574,516,832
63425.28574,515,836
63425.28574,516,832
63425.28574,515,832
63425.29509,514,836
63425.29509,512,832
63425.29509,512,832
63425.29509,513,836
63425.29509,513,832
63425.29509,513,832
63425.29509,514,836
63425.29509,515,832
63425.29509,517,836
63425.29509,518,832
63425.29509,519,832
63425.29509,520,836
63425.29509,519,832
63425.29509,520,832
63425.29509,519,836
63425.29509,519,832
63425.31158,518,832
63425.31158,518,836
63425.31158,518,832
63425.31158,518,832
63425.31158,518,836
63425.31158,517,832
63425.31158,515,832
63425.31158,515,836
63425.31158,514,832
63425.31158,515,832
63425.31158,516,836
63425.31158,516,832
63425.31158,516,832
63425.31158,517,836
63425.31158,517,832
63425.31158,516,832
63425.32422,515,836
63425.32422,513,832
63425.32422,511,832
63425.32422,510,836
63425.32422,509,832
63425.32422,508,832
63425.32422,507,836
63425.32422,507,832
63425.32422,505,832
63425.32422,505,836
63425.32422,505,832
63425.32422,507,836
63425.32422,509,832
63425.32422,511,832
63425.32422,513,836
63425.32422,514,832
63425.33694,514,832
63425.33694,514,836
63425.33694,516,832
63425.33694,517,832
63425.33694,518,836
63425.33694,519,832
63425.33694,519,832
63425.33694,520,836
63425.33694,521,832
63425.33694,522,832
63425.33694,523,836
63425.33694,524,832
63425.33694,524,832
63425.33694,523,836
63425.33694,524,832
63425.33694,524,832
63425.34831,525,836
63425.34831,524,832
63425.34831,525,832
63425.34831,525,836
63425.34831,525,832
63425.34831,524,832
63425.34831,523,836
63425.34831,523,832
63425.34831,523,836
63425.34831,522,832
63425.34831,522,832
63425.34831,522,836
63425.34831,522,832
63425.34831,522,832
63425.34831,521,836
63425.34831,521,832
63425.36478,520,832
63425.36478,519,836
63425.36478,519,832
63425.36478,518,832
63425.36478,517,836
63425.36478,515,832
63425.36478,514,832
63425.36478,513,836
63425.36478,513,832
63425.36478,513,832
63425.36478,515,836
63425.36478,516,832
63425.36478,518,832
63425.36478,520,836
63425.36478,520,832
63425.36478,520,832
63425.37746,520,848
63425.37746,522,820
63425.37746,523,832
63425.37746,524,836
63425.37746,524,832
63425.37746,524,832
63425.37746,525,836
63425.37746,526,832
63425.37746,527,836
63425.37746,527,832
63425.37746,528,832
63425.37746,529,836
63425.37746,529,832
63425.37746,529,832
63425.37746,528,836
63425.37746,529,832
63425.39058,529,832
63425.39058,529,836
63425.39058,529,832
63425.39058,529,832
63425.39058,529,836
63425.39058,528,832
63425.39058,527,832
63425.39058,526,836
63425.39058,525,832
63425.39058,524,832
63425.39058,524,836
63425.39058,524,832
63425.39058,523,832
63425.39058,524,836
63425.39058,524,832
63425.39058,526,832
63425.4065,527,836
63425.4065,528,832
63425.4065,529,832
63425.4065,528,836
63425.4065,526,832
63425.4065,525,832
63425.4065,523,836
63425.4065,521,832
63425.4065,522,832
63425.4065,521,836
63425.4065,521,832
63425.4065,522,836
63425.4065,523,832
63425.4065,523,832
63425.4065,523,836
63425.4065,522,832
63425.41819,523,832
63425.41819,523,836
63425.41819,525,832
63425.41819,526,832
63425.41819,527,836
63425.41819,528,832
63425.41819,528,832
63425.41819,528,836
63425.41819,527,832
63425.41819,526,832
63425.41819,526,836
63425.41819,525,832
63425.41819,526,832
63425.41819,525,836
63425.41819,522,832
63425.41819,520,832